,0
0,6nYKlnSbwEA
1,Kom5Hhy5iAE
2,aIYxQtkzbNA
3,bkxQFM8eyYM
4,fOAZehJJ4qE
5,YMcPq0GdhRY
6,0N9JUf_GNdM
7,RWxgsyYm1NY
8,WDdQRsd624w
9,D7B_GDHm0jU
10,RyBVsPjsFcI
11,LMlJ9Oa2l2o
12,NVE0KXn_7Cg
13,THSCHL0zByY
14,u1bhQ5MVJs8
15,brprGWXQFTA
16,jAemyQqIPzA
17,YcgSAiU6LMg
18,gK9IS_XAYc4
19,f8tBFnMG69g
20,pMc0bjvBNGk
21,DVTY3Mq1oCo
22,S0ApE8_Qfgc
23,aIsZh1_yHR0
24,mAtS2vdpDTI
25,TjnE7qjSG34
26,ssmDe208gTQ
27,Gp_jTELa7eo
28,ZLa1SNuJrfU
29,UmbH6oNzn-E
30,EgSf6Wh4x88
31,hy5Fu4Z6GhA
32,75tWvq9xAVk
33,mgZ3tkeyOq0
34,5Scpn2gsL6Q
35,Ojl__4pIKJk
36,KTb4x09-N_0
37,1DIigrQzqsI
38,pvYtMEabdvE
39,HpdnT7UbFSc
40,LpGaoVh49Eo
41,7MJtk_PUA9U
42,qcZ-UMZukcQ
43,oiy-UDmVME4
44,brsM4_Tgo_I
45,xiAxX-OzqpI
46,1v-395GPJBA
47,jDsiMOu4668
48,jKkzGSjiVLA
49,SH-W0Fl400o
50,bvI9lODmd8I
51,6HtknIbJeQ0
52,_nQ9sy4-Mbo
53,vOBxFoNUC8Y
54,gw0qgqZbeVQ
55,oO8bP1MAc6g
56,Zb00rp6xJaE
57,5yk-BBGGklU
58,vbHokbn6zqA
59,WPcsemZG8-Q
60,8VZG7VyMh5k
61,sMVglN0dirY
62,j5LqShV1kb8
63,okw5HF1iTzE
64,gq2-jp3pJfY
65,GuOXCpZ67Oo
66,Nz06wiq42MY
67,52PEvlcIsmg
68,MYkidXL_Gjo
69,mImVJxzQj5w
70,SQkDueF4u4o
71,QLMB6VHGf_M
72,4-P25Mqwje8
73,U29OpX1Nzpo
74,drwgyUUHTeA
75,6MPseDzZz-w
76,j2AxE-sgMGI
77,JUMqwwRUamM
78,k2jawGVMtZ4
79,83bkFz43sFk
80,WuUIm-xVtmg
81,O5jEfMfw4oE
82,CcoCOQH5DCM
83,1s4f9fhO9Fs
84,pEimKeINkV0
85,J51NgmxAgZo
86,ME7No876CMQ
87,281NAGSdeIQ
88,DWr3XZYlFo8
89,1uIiDNNdKMc
90,CdN8F1MVVeQ
91,YYTaq2ckkT8
92,izPFxcwFPLM
93,HZLLdj091K4
94,TWEBRDAFdY8
95,v4Zh7YKM9fg
96,7MUl2TUdI9A
97,ump1iTLpBns
98,1TKjapa1pg0
99,ed3usoW0z8w
100,Npjm3Yse9Pc
101,_bnR6ScTI0s
102,NdG_gby2nnE
103,-qsS6Aiu8Yw
104,b25FsfolDQs
105,OcBy3yBzmcM
106,FlqnfCq-1wc
107,bFwFlRc-lvw
108,oeP5mR7onZI
109,qBjR6MAnRw8
110,XpLaVkexjV8
111,ZD9aIohdnGU
112,Ts-2cgqe0gU
113,oFjMuAiFiZ4
114,qYYkqSOQPwo
115,c0T575T-jzE
116,ICFQ4i17G2A
117,uiPaF9Y1jRY
118,RkpfSuhnWMw
119,deskYEtRvhc
120,hwIFD8Dn1Zk
121,4Ob-lKTDwUE
122,x5hE5aGGASw
123,W1-5rpuQ8so
124,YUHJ2c-QGEU
125,i6zA8FvPYGE
126,r-fLI6zmiiI
127,cHthR0mkMyo
128,wU2VPIrDP-g
129,p-rU2gPfabU
130,T_zEtpspcYc
131,vrplRpVJwHU
132,aBo5rz5LQRk
133,kiSVdomoWkY
134,bEEjcWnt5Aw
135,8hVCy1AvFxs
136,UmllfQ1ij_4
137,r63Pyb5kGh0
138,NKS1rMVuOgk
139,eBpqdg38LBg
140,V88y52FN1J0
141,SFoDV-Zj5ss
142,3GK7zpAdZ3c
143,bkifY6_7UxA
144,NXLyAVyNTpE
145,NAdVdMFz8W8
146,1N8oqNARcFI
147,RcYfsHqBGF4
148,7S5Nwt1uD3Q
149,A7PxR_v6wfs
150,b0HBKXk2rUE
151,EN5TXxddxls
152,sKp8bF41vlk
153,tctNovEcDrQ
154,csCsd8hShtM
155,3WLA0-9OJCY
156,c9h8r9pjROY
157,2WuqCQIwhPY
158,si9BZQ2diQE
159,RKezPviRWbQ
160,Sk-zvWF9jS0
161,2DtUf5W_j_o
162,yhkmJAlkX9w
163,cjUMN_5t4qc
164,6-xYYVw6QIU
165,lzVaO2j16pg
166,lrIIe2wwY6o
167,ofaJ5mAC6j8
168,9Nc74g2KCHs
169,sLM34oA4-FI
170,zI8xOHHDSVA
171,L1k7UpwzVdE
172,VP85xm2Xabs
173,UyOugiH3QtE
174,qOzlJGG_3lo
175,PEkcjS9iaus
176,quVXvTEJwVo
177,Y_LzkWW-lfc
178,q4la9xslmUg
179,CVEtF1JnfgY
180,A6sCsdSL384
181,ww4V7GeiN6I
182,S55zlWRlJqE
183,qa_5Am4vEBY
184,Yo0RM1gEVcY
185,6jXl4BB-wvQ
186,gYhOnPii91Q
187,hMVfIeSW0pY
188,op4orb6VteM
189,-j-aZCI5b6c
190,KBmRMuuyx4I
191,k1b2ZM14xKA
192,SZVb736CNu8
193,Y3JU_oAEinQ
194,8j3u2-Jykkc
195,eTTA5-o6AGI
196,mM66ko1-eD4
197,EgOeCeRN39I
198,R0AdIwH5Dj4
199,HNfbJXurf7o
200,9InHH7TGPXk
201,u5zv4_GoMZg
202,rQEW64dvdMo
203,UnfuwOf0Svo
204,4hOXdwbJQJ8
205,bemjEi5LNxE
206,QzI5KzzV7QQ
207,iv9zj0MLA90
208,vEA7lTZZeTg
209,qx5nNE_VcJY
210,cIe_fAjaqZY
211,nOr3bfYW6hU
212,AiyTIy9I1F0
213,BHwT50cw3UU
214,DUrk0O464H8
215,6vbLmE8yERo
216,cbsSVzfybaw
217,IEu-aFI_KXo
218,GSrsGH6F4Uw
219,o__vu6Uifko
220,DSa7z9CCIak
221,jr7tOcJVtJ0
222,WVsu2HyJPhU
223,4boGQuNO93o
224,T-y2ZPhjOGs
225,_i9L3QOZu3g
226,Ll1IxpBOYRs
227,6SIAX7Ow2_c
228,IUK00r1rKzE
229,hNojmfZARac
230,Rqp5UBHvJaE
231,3oEFziYzguU
232,NTjpYmp5-Y0
233,Joq_USxqQSo
234,xYzsFX3v3Lo
235,XBjXaVMCErI
236,5b48Zgz3j88
237,zfjNqLvWdRA
238,glANIJTQWsg
239,XKlrjf2MMio
240,h9sejh2xHXk
241,jp3MdwxUTdQ
242,uVS9smdQKec
243,GA66npdQlf4
244,T6ShSy55feM
245,cx5dup_ojd8
246,aF4QOFVvsos
247,74qcHPqfXGo
248,MxImnU8Xci4
249,yPer78UG1YQ
250,TgReXzx5kF8
251,_DpnXwpgAa0
252,maN4poHQB7A
253,1G5E1zAJaFU
254,F5ZxDBx23m8
255,HIJDWOtV3fA
256,8Qf0fW3H-tc
257,r2A0V8hHAqQ
258,DOLd0zVLKvE
259,APqiTUIXVS0
260,kH3RSrCo5fE
261,65Ux_XGLdB8
262,zjLx8HhnBqU
263,CnQil2tMVFg
264,ea0x12NgOhY
265,W0cjsco-35o
266,0N_jLeIlM7E
267,lI-0BWl1Pvw
268,AEDbWIneRKM
269,ati1f1t0UQo
270,SU8ExAHyMnk
271,NBYzJi2YJvc
272,d81Xok9pbNA
273,BoIKAYjXuOY
274,IE0k62Pm8cA
275,zn_UOZHWOYs
276,cdsyI-laCWI
277,jalDZTxO8Xo
278,wyp2GQoeY0U
279,iKfK_iluI3U
280,fmF7XX0stps
281,8d-azK6iAN8
282,B_1rmFrvT9U
283,YpPU2d26_2E
284,HI_dVI3GvjE
285,8ckGN8yDVyY
286,26gr6waXm2E
287,11GlPRwfnk4
288,RNOg6nIxUUQ
289,9t1JvElaEiE
290,BQLiBEhSga0
291,Jxjf3l63Nf0
292,Uo92PtCAwgQ
293,sMXu78kM7NM
294,dVrSXgkwD7M
295,D-EMVQL1_KU
296,pCkLNlzHBPA
297,o2YAX045AnM
298,fbMldIkigOQ
299,qYoomPw0jnE
300,ckzKOodPS4Y
301,AUeCXtsPUl4
302,ExHikVJS-yE
303,VKXKWVla7VE
304,MRjAm4qsBMg
305,c_asyIV2mVY
306,_SqIIq3B0zM
307,6W675TvnD2k
308,gbxMW3UKrmY
309,NqIeWg8oYAo
310,Sz6hY3hNCXY
311,pwgLn0tcuCI
312,7FPhEyYCBc0
313,LL1ZOQyRbSk
314,bHHkc_VgGLg
315,LQfOyFhMevE
316,pzOQHAhEBeU
317,YI6YyrrLOck
318,b2o0T6_02lE
319,7m_fg2eYbJM
320,uysaVYsfKOM
321,6OGbOFarGas
322,BSyRpsbV1GA
323,hzlrV6qd_-w
324,2QEoYy0VB7g
325,otLbdHvqJcg
326,okt_fKym_KU
327,PVEqEMg398M
328,chdcAddimCI
329,7mSPpAlZdgo
330,stAtBqUT6KE
331,fqZVCLctbLY
332,lyTxPeDmgtY
333,gPRXZMzijsE
334,Do20jB0DeYU
335,KeBPCp5Mibo
336,dleRg6VjpDc
337,yUe9k4JZ7Gc
338,GuN6iHBRpnQ
339,T8OQ2HnGKOo
340,H3GTnqVNbXY
341,AylT0oZhHqc
342,Ykw5Fpzz-dw
343,fepuddBcXkE
344,RzeaTzkL00U
345,Y6nL5dEQYnM
346,MX6yNJzQjBQ
347,e5-EeMEAdaY
348,2o9sL6B2L78
349,Lav6vWFyBDw
350,SLfqAT7-6W4
351,qjmeQLmaxY4
352,NbJEbnQOlTo
353,Cn0e6mQudtE
354,bwqu5rsodeA
355,6r5XUKpVP4I
356,a6r3t8UB-G0
357,zYb19UUD7kw
358,bqvkCXcW1M4
359,y3TuiuHuMrQ
360,GtLJWSxW1Z0
361,sjVszFmCF1A
362,DSQTkPWOi0o
363,1brOpzLQaC8
364,Ci2CbfTfUSk
365,EfTVC4ydbyY
366,6q8VnDRZpTE
367,qlw7PKUZPiY
368,wDJ6YdyeCzk
369,FM8NLfFcjjs
370,xYXu8BE_rUY
371,Odh8vhyQgaw
372,yMsKEMfDslA
373,gxXEf5FN7aM
374,7-q1Cw0nY4w
375,8Of9Qp8Sii4
376,Bfxncsb_3N4
377,xrfVoTGcf1o
378,YSTsVARhmK8
379,Ts1-kZUJiEo
380,wQ7de5AaW_M
381,pC-7mXZSXdc
382,G8SArYjGgdE
383,TkxGmItXhQ4
384,OY-DKngXPKw
385,xhwPH3AxF4w
386,NT3DYcwKNF8
387,oTyW5VBkRPQ
388,Mr2T8CAPGH8
389,l9kBOAfsyaM
390,b5RdcjR3Cfk
391,4eFwsGWgbdo
392,T9F_0NXCdSY
393,7ZdzjXwU6WU
394,Q1QtwEonjiI
395,3g-liZU3JQQ
396,Z2iNk3ECUDk
397,7PuZDFBMzGw
398,l8gU7zv29Z0
399,Pd4gQ-OT3WI
400,Q9aWQZjveyU
401,hPEHZgV_5H4
402,HICjvVweYZs
403,6hDWIt70CYQ
404,lyh5hF7VFlQ
405,G24L82rVlq8
406,ajxP1HeiewI
407,AndeipADyp8
408,5JLCn8NwB1U
409,PbyxCarBA7o
410,0OFOGoVgAk8
411,jyVdY9sA-qA
412,q6H93lOCdGI
413,SAYqOrEUcfk
414,F0mWGrE9qKQ
415,0pIBgPQ0sY0
416,S9mZpiRg1CI
417,Or8_O5ahRII
418,sPs9TIsvwQA
419,yap1SW_Xpj0
420,DqjKkCdhi3k
421,0eDKnIiznoM
422,vJP_XYx2PxY
423,PXMKUDaTs84
424,dN9jZWEwtXM
425,_N4aUqfdODc
426,6DkY3a8Z1pc
427,tHCzW4olaDA
428,HBpcg7NPnLA
429,WCTfy9bkxfw
430,4RMR9fLtqVY
431,188JyNyLvx4
432,jLmguNE6JBY
433,lyOYq3Cba_g
434,YIcvT_YLIHs
435,PAORf4og-1Q
436,6AfF6LYADwg
437,APbm-ROWZ10
438,J8TUSTJB41M
439,xsX7UFPM9vw
440,XFbhwxO6BkQ
441,N3juhCKQ3qo
442,qsETD6Ak12o
443,mbr_Gfqm4ro
444,ZBeHp3eeBkw
445,1RrxIyLUBwI
446,paP_iEvYpCU
447,YZ_Za_76XA0
448,HNIVEEFchJY
449,EGroQIJ3H2k
450,H8KDJe4e0tA
451,3TkEYT5zGm4
452,6BejIDOJ_HU
453,DlJE_snvkrc
454,_aUA3Lnpsfk
455,QqYFgE5OYEw
456,WOqTIcMViCQ
457,MJl0i_gILJc
458,523bGIxVcjk
459,O8WwcR2UEGA
460,bBiYbwm-KJ8
461,tYELiGzGmNs
462,Hcnw_M9mE9k
463,JLp1UPd56OI
464,5m_nDnDP6Ak
465,iAbPoeyYaqU
466,dTfP-zadABo
467,FZ474UooetI
468,hoMMbFVr73s
469,8emmC_KOSVM
470,ACjJ0KkU5EI
471,-bMCvXlc_04
472,Suz-RWx1sIQ
473,gJpBB5ih0GE
474,4bM0UMc_Sc4
475,nEwIFKgieU0
476,2Tkfg3lWALI
477,MnFqEnOmrNw
478,c1l_JzPG3zI
479,7z0byuIYjes
480,Fyk90nrAXxM
481,zkmOz5IPAUE
482,YqGofrFs0Bg
483,seV03CeZD7g
484,uAuLxl65edM
485,7LoAtcWEpDc
486,pI1GtqJqiVM
487,_JhNyVQlYwE
488,1zajjqYCxWQ
489,s8HFcGp1wQc
490,vjM1I7TAVEc
491,NvPCF3BnDwc
492,XCRJ3eVMkeo
493,5JmR2h9sd9c
494,lgQt1B6dbw8
495,GsAGoUNWLP8
496,IdBbHi01P_8
497,uiIxNZ_tw_I
498,Fr0x_DnVK5o
499,nB1YkwNHaXQ
500,ntZow-hKDD0
501,SFgkBlmsIuk
502,nvLYPoiHttU
503,vCuwJujYh1c
504,ng08WxyKfvY
505,Nbba5YOrEoM
506,FC56OLWc63Y
507,9LWTgiVyJ7Y
508,NObxKJ-yJLM
509,zPHcDs0t-Ww
510,7rO_wzlyZ74
511,E_hb0VnH_Ic
512,ny_vfK38i3Q
513,n3DAn7dAdA4
514,aaiqF6FMiF4
515,uryHzBtnv84
516,7_o-kZmjaX8
517,LOtq7AFRhFU
518,aSucqHMwxnY
519,Yu1iWVYIlHY
520,zWFB2f7vKJo
521,TIFpP18_s3g
522,HCHJ2MrTjAI
523,08E9oX8lD-0
524,mNlZFwCKdes
525,9pSZquhRf_8
526,6LsHHY4Svzg
527,Jq7fhu-2jOI
528,ThHxILjsPHk
529,C19yWECmrl4
530,E49TAASbT28
531,jsYwoB3gr6E
532,c6dw1sARcKw
533,RKI0Gt4zEOw
534,i1z5TWwOj08
535,NKuFS5r6QfQ
536,fYAPptQCu-o
537,49g8lNshfP4
538,r8fVT20JjC8
539,FfsXRHZ5Rgk
540,oYNzAXlTmrI
541,PLqGTU-AMnI
542,DPuFasOAbVs
543,v0QTzcV3B80
544,la0OehJdckM
545,xX6RjyPlGvg
546,xRPf6HBWpLI
547,WeH4v-MGDVA
548,jn1lLqY0LSg
549,jl6VfNfA76M
550,CzZyS7XcaqE
551,M95YwO2GeW8
552,xsEU84zbeqY
553,Jxpl66bvyng
554,1OCbC9GWmwA
555,6eb4GB4IEK8
556,F3GgPWBd1rc
557,MgWp5auhjRE
558,-qDbnbmZpEg
559,jyxC67n6q64
560,rNC1zg7pNqQ
561,g0wbztWcYJ4
562,zt2Cx15LYD4
563,5tBGxGaAVFI
564,6G7QHsg3RbM
565,prrH4MmHly0
566,sLo1QIy6k5M
567,NBa6uTJM-1s
568,dYXecQWLOmY
569,kG30oee1tQs
570,IWrBr_6nV8E
571,cdt65_0R3p4
572,xxZCaGmkDTI
573,l105s14yJBc
574,8cq4M__1AoY
575,DutITa-8VHc
576,GahVU9uSIY8
577,lZZAwI9gZno
578,yFPzIU-6zcM
579,_44VFGFM9-4
580,66N_Ec9cxLs
581,zx45K1_w6tE
582,ZKAtLXB1KA4
583,pmr4lZ-LNvU
584,uGSajOkOs7U
585,SP-Fx0s1kS8
586,hEMStt5y5XA
587,yp_PYy3xhig
588,-24x7SwOLgQ
589,OaHzHO03l2I
590,r5Xt6RaoUaY
591,Oy30VrOAkE0
592,XTDRJLs0Pxg
593,5UlA4YwBrLU
594,mIflJqiNFgk
595,xWFWs1rShBk
596,klmhgzsuLLY
597,dYaBR9rZAQQ
598,DtysCRiJTHI
599,WEAjjbwPWgQ
600,7WBhYZdXEog
601,Jkn904ANPzU
602,C32MgUzeLY8
603,CiFdNENOblo
604,-0LbEj26cVY
605,dfaQFYlwVnY
606,KXUrRt7KYi4
607,TA_5yHt_dvI
608,Cai1do2DXCM
609,mSsfAUIk874
610,P2hs689YB2M
611,46mbAuehyDA
612,r4ygMI-L6VM
613,3N2hXgMgt0k
614,i37hcxKTP5I
615,u2PiLqEfX3c
616,qbCt0EfnNqY
617,Y5MmnWUn2i8
618,iojDrHXWG3w
619,xwNLWWGH_2A
620,zFDhHFaSI2A
621,HFDa9deGdeA
622,zcIKkbAfyGE
623,FYWeR_AVWs4
624,Q5Irzz8Eb50
625,6MHvHuzRAks
626,CrvLXaxBmnM
627,V0xx2aosrL4
628,sUTuYEzsfSs
629,2dAWsppDB1U
630,ULj5Djy-JNs
631,0NkCHuHIkx4
632,ky3Gxt03DC8
633,C_n_mMTHCaY
634,Jabrs11rfFk
635,6G_NngIZHzk
636,O2pbUBEey1s
637,OUxLQBc_H9k
638,naKsOf-WUsE
639,gQ9Fb-dngyM
640,CBrn6A-KkIE
641,EBPwr3RNBLo
642,kAUCl3LGFu4
643,cK0r7TL8VDA
644,F2W49bOvXVs
645,yogPofuYCoQ
646,7fBYlq944pY
647,LxTwX779QyU
648,35yNDQw-Wuw
649,CnklYkIt1Ec
650,UN4t4Lpo9wQ
651,v6LqMs4Aez8
652,-OoB9UT71AQ
653,fD3sm9_-IWc
654,7k0qzgsqmAs
655,fJyrv5isQHQ
656,QEf9nRr7-l4
657,n-OzQKz2YMo
658,irN3zItQQwo
659,Fs0xDafjuQE
660,e5OyfLCUJP4
661,S-ghl5ZGQcs
662,ld-2th1wcE4
663,iCbw_8UokIA
664,ShxZXVekQFg
665,zLupd8fmq8Q
666,0tFBbY7EeAc
667,Cbt3sHVJLU8
668,vA82faltZI0
669,0J1Fguu2pQk
670,hXdg7xHJyvg
671,x8bDCNYe-0o
672,9whs55-5Mw8
673,qwS329-LpHY
674,VDd1YQodoKE
675,A1PLlHP_pwI
676,oaKAYQK2mEo
677,NvmoQMeY69k
678,_rSNaG89T0c
679,eSJtx7f9KwQ
680,GKr3-MqK0HU
681,rga5qP_Y3pY
682,Z7QyqSM2cyk
683,0DE56oayONc
684,XU7NZTWSZdg
685,PN4qjji-Tjw
686,E0xsqiZYIP8
687,fcN2tBXUs_A
688,eomupHhOlEE
689,AeiB1J-LG-Q
690,hXld37F4eIo
691,67IV7aPFR1U
692,AS0tnVVoe9I
693,Z1xG_FwMFpk
694,6kGUTYQcUas
695,Id9mDX1XB74
696,JhyzXh9yA9I
697,NhVIQtQErj0
698,nP6yg-Zc8Bo
699,JiqSus9Q3e4
700,pT1qkbxC-0w
701,mk9F5sUSlE4
702,N80Cmpz9mn4
703,F5hRg5nbaJM
704,A1Zu3LE6TYE
705,LtzhbuD5cUU
706,EPm8gsa1ANg
707,N94Q4sKjjkc
708,tWdXUqOBb4k
709,pX2FhRYc7rE
710,CHLRixOrhDY
711,JhpdOZXiCdA
712,I8567YX91tE
713,n0uK4ks07J8
714,SvdH-Ii9Zbk
715,Ia2QCVb1Q4I
716,MRThPIrfu2w
717,U33kgHs0ayY
718,SS9okVssnxk
719,GiogUBTbVPM
720,5WOh1VrP2Pg
721,JV5jAInoN48
722,c-T4agN5FNA
723,rnrlzbwvsrM
724,blqizo1nif0
725,sPhFjVVYcLE
726,z1JCTpsJWYk
727,ObnWv79Las0
728,tGL0p4ZjuPI
729,FVbFErr2CKY
730,GZOrIaewoaQ
731,0qsag2dQL6c
732,JZiTGgHJ0Xw
733,3cFtF8WbRJk
734,QW7j9jc1GXQ
735,qdR48aawTPg
736,EIoEg56q44g
737,ie1pN5HscGk
738,I53jbX1LmZ8
