,title,publish,view_count,like_count
0,The Pat McAfee Show | Wednesday August 24th 2022,2022-08-24T13:45:33Z,42420,2090
1,The Pat McAfee Show | Tuesday August 23rd 2022,2022-08-23T19:26:20Z,249983,4972
2,The Pat McAfee Show | Monday August 22nd 2022,2022-08-22T20:04:16Z,317445,5730
3,The Pat McAfee Show | Friday August 19th 2022,2022-08-19T19:11:01Z,280875,4550
4,The Pat McAfee Show | Thursday August 18th 2022,2022-08-18T19:55:45Z,326126,5426
5,The Pat McAfee Show Live From Colts/Lions Joint Practice | Wednesday August 17th 2022,2022-08-17T19:17:32Z,422474,9148
6,The Pat McAfee Show | Tuesday August 16th 2022,2022-08-16T19:57:36Z,323849,5366
7,The Pat McAfee Show | Monday August 15th 2022,2022-08-15T19:53:43Z,344393,5340
8,The Pat McAfee Show | Friday August 12th 2022,2022-08-12T19:08:06Z,299458,4767
9,The Pat McAfee Show | Thursday August 11th 2022,2022-08-11T19:53:51Z,330464,5409
10,The Pat McAfee Show | Wednesday August 10th 2022,2022-08-10T19:32:12Z,281865,5240
11,The Pat McAfee Show | Tuesday August 9th 2022,2022-08-09T19:44:51Z,283941,4987
12,The Pat McAfee Show | Monday August 8th 2022,2022-08-08T20:15:39Z,331640,5567
13,The Pat McAfee Show | Friday August 5th 2022,2022-08-05T19:08:57Z,280993,4603
14,The Pat McAfee Show | Thursday August 4th 2022,2022-08-04T19:56:54Z,306294,5860
15,"The Pat McAfee Show | Wednesday August 3rd, 2022",2022-08-03T19:17:51Z,273821,5078
16,"The Pat McAfee Show | Tuesday August 2nd, 2022",2022-08-02T19:47:32Z,292518,4882
17,"The Pat McAfee Show | Monday August 1st, 2022",2022-08-01T19:45:59Z,339660,6121
18,"The Pat McAfee Show | Friday July 29th, 2022",2022-07-29T19:12:13Z,249824,4537
19,"The Pat McAfee Show | Thursday July 28th, 2022",2022-07-28T19:29:15Z,270266,4903
20,"The Pat McAfee Show | Wednesday July 27th, 2022",2022-07-27T20:02:57Z,301615,4765
21,"The Pat McAfee Show | Tuesday July 26th, 2022",2022-07-26T19:49:33Z,289277,4972
22,"The Pat McAfee Show | Monday July 25th, 2022",2022-07-25T19:55:30Z,269712,4929
23,"The Pat McAfee Show | Friday July 22nd, 2022",2022-07-22T19:07:05Z,260311,4399
24,"The Pat McAfee Show | Thursday July 21st, 2022",2022-07-21T19:20:05Z,279490,4362
25,"The Pat McAfee Show | Wednesday July 20th, 2022",2022-07-20T19:39:12Z,283297,4696
26,"The Pat McAfee Show | Tuesday July 19th, 2022",2022-07-19T19:25:50Z,264670,4888
27,"The Pat McAfee Show | Monday July 18th, 2022",2022-07-18T19:47:47Z,352720,6516
28,"The Pat McAfee Show | Wednesday July 6th, 2022",2022-07-06T19:17:02Z,376958,6412
29,"The Pat McAfee Show | Tuesday July 5th, 2022",2022-07-05T19:36:28Z,301129,5078
30,"The Pat McAfee Show | Thursday June 30th, 2022",2022-06-30T19:09:40Z,276223,4618
31,"The Pat McAfee Show | Wednesday June 29th, 2022",2022-06-29T19:55:13Z,270560,4615
32,"The Pat McAfee Show | Tuesday June 28th, 2022",2022-06-28T19:53:38Z,313350,4775
33,"The Pat McAfee Show | Monday June 27th, 2022",2022-06-27T19:52:02Z,292493,4706
34,"The Pat McAfee Show | Thursday June 23rd, 2022 (Part 2)",2022-06-23T19:21:46Z,248245,4005
35,"The Pat McAfee Show | Thursday June 23rd, 2022",2022-06-23T16:37:02Z,128108,2273
36,"The Pat McAfee Show | Wednesday June 22nd, 2022",2022-06-22T19:24:04Z,250755,4243
37,"The Pat McAfee Show | Tuesday June 21st, 2022",2022-06-21T19:16:57Z,248453,4231
38,"The Pat McAfee Show | Monday June 20th, 2022",2022-06-20T19:28:46Z,263681,4581
39,"The Pat McAfee Show | Friday June 17th, 2022",2022-06-17T19:07:34Z,266775,4585
40,"The Pat McAfee Show | Thursday June 16th, 2022",2022-06-16T19:14:38Z,234109,3990
41,"The Pat McAfee Show | Wednesday June 15th, 2022",2022-06-15T19:42:40Z,272235,4747
42,"The Pat McAfee Show | Tuesday June 14th, 2022",2022-06-14T19:49:47Z,277613,4690
43,"The Pat McAfee Show | Monday June 13th, 2022",2022-06-13T19:47:13Z,284949,4870
44,"The Pat McAfee Show | Friday June 10th, 2022",2022-06-10T19:12:35Z,236807,4063
45,"The Pat McAfee Show | Thursday June 9th, 2022",2022-06-09T19:16:59Z,256370,4464
46,"The Pat McAfee Show | Wednesday June 8th, 2022",2022-06-08T19:42:11Z,292634,5111
47,"The Pat McAfee Show | Tuesday June 7th, 2022",2022-06-07T20:09:39Z,291896,4743
48,"The Pat McAfee Show | Monday June 6th, 2022",2022-06-06T19:37:51Z,323813,4550
49,"The Pat McAfee Show | Friday June 3rd, 2022 with AJ Hawk Live In Studio!",2022-06-03T19:24:41Z,353047,6388
50,"The Pat McAfee Show | Thursday June 2nd, 2022",2022-06-02T19:40:08Z,259120,4624
51,"The Pat McAfee Show | Wednesday June 1st, 2022",2022-06-01T19:53:01Z,278563,4491
52,"The Pat McAfee Show | Tuesday May 31st, 2022",2022-05-31T20:13:27Z,325926,5152
53,"The Pat McAfee Show | Friday May 27th, 2022",2022-05-27T19:25:54Z,265232,4769
54,"The Pat McAfee Show | Wednesday May 25th, 2022",2022-05-25T22:18:05Z,107625,1271
55,"The Pat McAfee Show | Tuesday May 24th, 2022",2022-05-24T20:11:53Z,264444,4552
56,"The Pat McAfee Show | Monday May 23rd, 2022",2022-05-23T19:52:56Z,291742,4828
57,"The Pat McAfee Show | Friday May 20th, 2022",2022-05-20T19:10:35Z,258067,4696
58,"The Pat McAfee Show | Thursday May 19th, 2022",2022-05-19T19:34:13Z,243141,4213
59,"The Pat McAfee Show | Wednesday May 18th, 2022",2022-05-18T19:20:07Z,249918,4696
60,"The Pat McAfee Show | Tuesday May 17th, 2022",2022-05-17T19:42:15Z,285392,5212
61,"The Pat McAfee Show | Monday May 16th, 2022",2022-05-16T19:53:02Z,319618,5261
62,"The Pat McAfee Show | Friday May 13th, 2022",2022-05-13T19:09:46Z,284708,5018
63,"The Pat McAfee Show | Thursday May 12th, 2022",2022-05-12T17:59:10Z,275970,4486
64,"The Pat McAfee Show | Wednesday May 11th, 2022",2022-05-11T19:46:24Z,289269,4665
65,"The Pat McAfee Show | Tuesday May 10th, 2022",2022-05-10T19:17:55Z,269107,4797
66,"The Pat McAfee Show | Monday May 9th, 2022",2022-05-09T19:20:08Z,287754,4830
67,"The Pat McAfee Show | Friday May 6th, 2022 Pt 2",2022-05-06T19:32:56Z,430617,5160
68,"The Pat McAfee Show | Friday May 6th, 2022",2022-05-06T16:18:14Z,91898,2167
69,"The Pat McAfee Show | Thursday May 5th, 2022",2022-05-05T19:26:47Z,278694,4706
70,"The Pat McAfee Show | Wednesday May 4th, 2022",2022-05-04T19:29:57Z,312704,5348
71,"The Pat McAfee Show | Tuesday May 3rd, 2022",2022-05-03T19:48:47Z,319347,5415
72,"The Pat McAfee Show | Monday May 2nd, 2022",2022-05-02T19:24:51Z,341717,6660
73,"The Pat McAfee Show | Friday April 29th, 2022",2022-04-29T19:48:55Z,429933,6964
74,"Pat McAfee's Draft Spectacular | April 28th, 2022",2022-04-29T04:03:22Z,1376959,29529
75,"The Pat McAfee Show | Thursday April 28th, 2022",2022-04-28T18:21:33Z,296846,5828
76,"The Pat McAfee Show | Wednesday April 27th, 2022",2022-04-27T19:30:40Z,325738,6070
77,"The Pat McAfee Show | Tuesday April 26th, 2022",2022-04-26T19:58:05Z,338286,5218
78,"The Pat McAfee Show | Monday April 25th, 2022",2022-04-25T20:06:55Z,344789,5535
79,"The Pat McAfee Show | Friday April 22nd, 2022",2022-04-22T18:13:58Z,300120,4831
80,"The Pat McAfee Show | Thursday April 21st, 2022",2022-04-21T19:28:08Z,288356,4817
81,"The Pat McAfee Show | Wednesday April 20th, 2022",2022-04-20T20:08:26Z,438237,5438
82,"The Pat McAfee Show | Tuesday April 19th, 2022",2022-04-19T19:46:40Z,317399,5564
83,"The Pat McAfee Show | Monday April 18th, 2022",2022-04-18T19:15:44Z,307229,5097
84,"The Pat McAfee Show | Friday April 15th, 2022",2022-04-15T18:17:28Z,323648,5177
85,"The Pat McAfee Show | Thursday April 14th, 2022",2022-04-14T19:22:15Z,283438,4784
86,"The Pat McAfee Show | Wednesday April 13th, 2022",2022-04-13T19:45:15Z,332702,4998
87,"The Pat McAfee Show | Tuesday April 12th, 2022",2022-04-12T19:37:40Z,327927,4871
88,"The Pat McAfee Show | Monday April 11th, 2022",2022-04-11T19:23:40Z,333741,5330
89,"The Pat McAfee Show | Friday April 8th, 2022",2022-04-08T19:16:44Z,324968,6086
90,"The Pat McAfee Show | Thursday April 7th, 2022",2022-04-07T19:27:48Z,277999,4802
91,"The Pat McAfee Show | Wednesday April 6th, 2022",2022-04-06T19:46:06Z,321442,5363
92,"The Pat McAfee Show | Tuesday April 5th, 2022",2022-04-05T20:04:32Z,367808,5704
93,"The Pat McAfee Show | Monday April 4th, 2022",2022-04-04T19:16:50Z,453626,10605
94,"The Pat McAfee Show | Thursday March 31st, 2022",2022-03-31T19:19:40Z,332115,6002
95,"The Pat McAfee Show | Wednesday March 30th, 2022",2022-03-30T19:27:16Z,334131,5566
96,"The Pat McAfee Show | Tuesday March 29th, 2022",2022-03-29T19:31:15Z,318500,5286
97,"The Pat McAfee Show | Monday March 28th, 2022",2022-03-28T19:46:11Z,386523,6095
98,"The Pat McAfee Show | Friday March 25th, 2022",2022-03-25T19:15:13Z,373730,5777
99,"The Pat McAfee Show | Thursday March 24th, 2022",2022-03-24T19:44:36Z,344025,5551
100,"The Pat McAfee Show | Wednesday March 23rd, 2022",2022-03-23T19:50:33Z,425425,6963
101,"The Pat McAfee Show | Tuesday March 22nd, 2022",2022-03-22T19:52:37Z,409605,7117
102,"The Pat McAfee Show | Monday March 21st, 2022",2022-03-21T19:33:19Z,418408,6761
103,"Tom Telesco Talks Recent MAJOR Moves, Having To Keep Up With The Division | Pat McAfee Reacts",2022-03-19T16:00:14Z,196474,2833
104,"The Pat McAfee Show | Friday March 18th, 2022",2022-03-18T18:17:37Z,374662,6144
105,"The Pat McAfee Show | Thursday March 17th, 2022",2022-03-17T20:15:58Z,394520,6022
106,"The Pat McAfee Show | Wednesday March 16th, 2022",2022-03-16T19:30:58Z,346279,5761
107,"The Pat McAfee Show | Tuesday March 15th, 2022",2022-03-15T19:38:10Z,385927,6188
108,"The Pat McAfee Show | Monday March 14th, 2022",2022-03-14T19:22:57Z,412590,6986
109,"The Pat McAfee Show | Friday March 11th, 2022",2022-03-11T19:06:30Z,254295,4104
110,"The Pat McAfee Show | Wednesday March 9th, 2022",2022-03-09T20:27:03Z,343014,5420
111,"The Pat McAfee Show | Tuesday March 8th, 2022",2022-03-08T20:29:25Z,473684,8082
112,"The Pat McAfee Show | Monday March 7th, 2022",2022-03-07T21:04:05Z,337114,4887
113,"The Pat McAfee Show | Friday March 4th, 2022",2022-03-04T18:06:51Z,314970,6165
114,"The Pat McAfee Show | Thursday March 3rd, 2022",2022-03-03T21:25:37Z,866622,20261
115,"The Pat McAfee Show | Wednesday March 2nd, 2022",2022-03-02T20:48:24Z,293427,5177
116,"The Pat McAfee Show | Tuesday March 1st, 2022",2022-03-01T21:04:29Z,491436,6409
117,"The Pat McAfee Show | Monday February 28th, 2022",2022-02-28T20:18:49Z,300275,5670
118,"The Pat McAfee Show | Friday February 25th, 2022",2022-02-25T20:54:33Z,315312,4899
119,"The Pat McAfee Show | Thursday February 24th, 2022",2022-02-24T20:28:50Z,290514,4814
120,"The Pat McAfee Show | Wednesday February 23rd, 2022",2022-02-23T21:10:18Z,305046,4840
121,"Aaron Rodgers Tells Pat McAfee ""I Can Still Play"" Amid Retirement Speculation",2022-02-22T21:30:03Z,65579,1027
122,"The Pat McAfee Show | Tuesday February 22nd, 2022",2022-02-22T20:27:26Z,667145,15163
123,"The Pat McAfee Show | Monday February 14th, 2022",2022-02-14T20:17:25Z,544084,10013
124,"The Pat McAfee Show Super Bowl LVI $40,000 Coin Toss Watch-along",2022-02-14T03:24:06Z,386255,5373
125,FanDuel $200K Superstar Showdown hosted by Pat McAfee,2022-02-13T04:28:17Z,315252,7240
126,"The Pat McAfee Show | Friday February 11th, 2022",2022-02-11T20:55:19Z,482025,7586
127,"The Pat McAfee Show Radio Row After Hours Spectacular | Thursday February 10th, 2022",2022-02-11T01:14:38Z,275788,8599
128,"The Pat McAfee Show | Thursday February 10th, 2022",2022-02-10T20:58:18Z,412780,6577
129,"The Pat McAfee Show | Wednesday February 9th, 2022",2022-02-09T21:04:46Z,520185,8357
130,"The Pat McAfee Show | Tuesday February 8th, 2022",2022-02-08T20:56:41Z,519639,8680
131,"The Pat McAfee Show | Monday February 7th, 2022",2022-02-07T20:14:36Z,342997,5665
132,"The Pat McAfee Show | Friday February 4th, 2022",2022-02-04T20:47:09Z,364354,5575
133,"The Pat McAfee Show | Wednesday February 2nd, 2022",2022-02-02T20:11:20Z,342629,6048
134,"The Pat McAfee Show | Tuesday February 1st, 2022",2022-02-01T20:45:54Z,456237,6844
135,"The Pat McAfee Show | Monday January 31st, 2022",2022-01-31T21:02:04Z,576155,8242
136,"The Pat McAfee Show | Friday January 28th, 2022",2022-01-28T20:34:25Z,384065,5852
137,"The Pat McAfee Show | Thursday January 27th, 2022",2022-01-27T21:33:10Z,359282,6026
138,"The Pat McAfee Show | Wednesday January 26th, 2022",2022-01-26T21:05:54Z,493747,6732
139,"The Pat McAfee Show | Tuesday January 25th, 2022",2022-01-25T20:19:40Z,489989,10001
140,"The Pat McAfee Show | Monday January 24th, 2022",2022-01-24T20:53:11Z,593196,9114
141,"The Pat McAfee Show | Friday January 21st, 2022",2022-01-21T20:27:59Z,371524,5949
142,"The Pat McAfee Show | Thursday January 20th, 2022",2022-01-20T21:10:57Z,395645,6602
143,"The Pat McAfee Show | Wednesday January 19th, 2022",2022-01-19T20:55:28Z,425356,6001
144,"The Pat McAfee Show | Tuesday January 18th, 2022",2022-01-18T21:42:30Z,512383,7478
145,"The Pat McAfee Show | Monday January 17th, 2022",2022-01-17T20:44:22Z,476095,7910
146,"The Pat McAfee Show | Friday January 14th, 2022",2022-01-14T19:15:39Z,373452,5874
147,"The Pat McAfee Show | Thursday January 13th, 2022",2022-01-13T20:37:56Z,393301,5923
148,"The Pat McAfee Show | Wednesday January 12th, 2022",2022-01-12T20:50:37Z,412181,5764
149,"The Pat McAfee Show | Tuesday January 11th, 2022",2022-01-11T20:35:42Z,448072,8384
150,"The Pat McAfee Show | Monday January 10th, 2022",2022-01-10T20:15:46Z,553871,9358
151,"The Pat McAfee Show | Friday January 7th, 2022",2022-01-07T20:39:35Z,362565,5527
152,"The Pat McAfee Show | Thursday January 6th, 2022",2022-01-06T20:37:18Z,369285,6341
153,"The Pat McAfee Show | Wednesday January 5th, 2022",2022-01-05T20:46:31Z,315462,5092
154,"The Pat McAfee Show | Tuesday January 4th, 2022",2022-01-04T20:31:13Z,393962,7131
155,"The Pat McAfee Show | Monday January 3rd, 2022",2022-01-03T21:14:24Z,502765,7471
156,The Pat McAfee Show 2021 Year In Review,2021-12-31T20:00:01Z,96970,4482
157,"The Pat McAfee Show | Friday December 31st, 2021",2021-12-31T20:12:19Z,215798,4463
158,"The Pat McAfee Show | Thursday December 30th, 2021",2021-12-30T20:38:13Z,268981,4294
159,"The Pat McAfee Show | Wednesday December 29th, 2021",2021-12-29T21:20:04Z,286618,5788
160,"The Pat McAfee Show | Tuesday December 28th, 2021",2021-12-28T20:25:18Z,345739,6371
161,"The Pat McAfee Show | Monday December 27th, 2021",2021-12-27T21:32:07Z,356167,5883
162,"The Pat McAfee Show | Wednesday December 22nd, 2021",2021-12-22T20:45:27Z,371608,5177
163,"The Pat McAfee Show | Tuesday December 21st, 2021",2021-12-21T21:14:32Z,354154,6198
164,"The Pat McAfee Show | Monday December 20th, 2021",2021-12-20T20:36:59Z,368853,5644
165,"The Pat McAfee Show | Friday December 17th, 2021",2021-12-17T20:18:52Z,397725,7699
166,"The Pat McAfee Show | Thursday December 16th, 2021",2021-12-16T20:48:55Z,376048,6164
167,"The Pat McAfee Show | Wednesday December 15th, 2021",2021-12-15T21:15:46Z,262562,4519
168,"The Pat McAfee Show | Tuesday December 14th, 2021",2021-12-14T20:57:43Z,403841,6422
169,"The Pat McAfee Show | Monday December 13th, 2021",2021-12-13T20:52:13Z,384976,5900
170,"The Pat McAfee Show | Friday December 10th, 2021",2021-12-10T19:20:29Z,343425,6539
171,"The Pat McAfee Show | Thursday December 9th, 2021",2021-12-09T19:19:02Z,341533,9803
172,"The Pat McAfee Show | Wednesday December 8th, 2021",2021-12-08T20:48:31Z,262101,3895
173,"The Pat McAfee Show | Tuesday December 7th, 2021",2021-12-07T20:49:31Z,343717,5160
174,"The Pat McAfee Show | Monday December 6th, 2021",2021-12-06T21:14:28Z,351897,4956
175,"The Pat McAfee Show | Friday December 3rd, 2021",2021-12-03T19:33:05Z,265921,4043
176,"The Pat McAfee Show | Thursday December 2nd, 2021",2021-12-02T19:14:20Z,242178,3824
177,"The Pat McAfee Show | Wednesday December 1st, 2021",2021-12-01T20:49:20Z,279627,4666
178,"The Pat McAfee Show | Tuesday November 30th, 2021",2021-11-30T20:29:43Z,343767,6055
179,"The Pat McAfee Show | Monday November 29th, 2021",2021-11-29T21:14:51Z,327547,5369
180,"The Pat McAfee Show | Friday November 26th, 2021",2021-11-26T19:32:47Z,220120,3955
181,"The Pat McAfee Show | Wednesday November 24th, 2021",2021-11-24T20:56:03Z,281748,4053
182,"The Pat McAfee Show | Tuesday November 23rd, 2021",2021-11-23T20:54:50Z,325179,5220
183,"The Pat McAfee Show | Monday November 22nd, 2021",2021-11-22T21:22:03Z,319354,5085
184,"The Pat McAfee Show | Friday November 19th, 2021",2021-11-19T19:13:38Z,273785,4368
185,"The Pat McAfee Show | Thursday November 18th, 2021",2021-11-18T20:53:31Z,276600,4240
186,"The Pat McAfee Show | Wednesday November 17th, 2021",2021-11-17T21:16:48Z,355984,4449
187,"The Pat McAfee Show | Tuesday November 16th, 2021",2021-11-16T20:46:42Z,372872,6286
188,"The Pat McAfee Show | Monday November 15th, 2021",2021-11-15T20:52:49Z,371084,5570
189,"The Pat McAfee Show | Friday November 12th, 2021",2021-11-12T20:26:51Z,309571,4685
190,"The Pat McAfee Show | Thursday November 11th, 2021",2021-11-11T20:55:51Z,311047,4747
191,"The Pat McAfee Show | Wednesday November 10th, 2021",2021-11-10T21:12:06Z,282098,4872
192,"The Pat McAfee Show | Tuesday November 9th, 2021",2021-11-09T21:10:57Z,536761,8299
193,"The Pat McAfee Show | Monday November 8th, 2021",2021-11-08T20:53:33Z,385119,6133
194,"The Pat McAfee Show | Friday November 5th, 2021",2021-11-05T20:17:14Z,637147,14226
195,"The Pat McAfee Show | Thursday November 4th, 2021",2021-11-04T19:30:35Z,296535,4805
196,"The Pat McAfee Show | Wednesday November 3rd, 2021",2021-11-03T19:38:58Z,357502,5617
197,"The Pat McAfee Show | Tuesday November 2nd, 2021",2021-11-02T20:21:13Z,374849,6595
198,"The Pat McAfee Show | Monday November 1st, 2021",2021-11-01T22:06:19Z,347449,6211
199,"The Pat McAfee Show | Friday October 29th, 2021",2021-10-29T18:10:25Z,359243,9161
200,"The Pat McAfee Show | Thursday October 28th, 2021",2021-10-28T19:42:40Z,263472,4110
201,"The Pat McAfee Show | Wednesday October 27th, 2021",2021-10-27T19:59:42Z,415144,4873
202,"The Pat McAfee Show | Tuesday October 26th, 2021",2021-10-26T19:42:23Z,395561,6486
203,"The Pat McAfee Show | Monday October 25th, 2021",2021-10-25T20:23:31Z,334802,5718
204,"The Pat McAfee Show | Friday October 22nd, 2021",2021-10-22T18:22:55Z,281982,4704
205,"The Pat McAfee Show | Thursday October 21st, 2021",2021-10-21T19:31:03Z,277163,4194
206,"The Pat McAfee Show | Wednesday October 20th, 2021",2021-10-20T20:02:34Z,295246,4212
207,"The Pat McAfee Show | Tuesday October 19th, 2021",2021-10-19T20:07:22Z,381942,6689
208,"The Pat McAfee Show | Monday October 18th, 2021",2021-10-18T19:51:11Z,347641,5713
209,"The Pat McAfee Show | Friday October 15th, 2021",2021-10-15T19:27:45Z,273301,4184
210,"The Pat McAfee Show | Thursday October 14th, 2021",2021-10-14T19:26:17Z,263862,4295
211,"The Pat McAfee Show | Wednesday October 13th, 2021",2021-10-13T19:33:50Z,284031,5065
212,"The Pat McAfee Show | Tuesday October 12th, 2021",2021-10-12T19:34:41Z,382579,6462
213,"The Pat McAfee Show | Monday October 11th, 2021",2021-10-11T19:38:33Z,350384,5650
214,"The Pat McAfee Show | Friday October 8th, 2021",2021-10-08T19:34:56Z,329162,5492
215,"The Pat McAfee Show | Thursday October 7th, 2021",2021-10-07T19:23:16Z,266300,5351
216,"The Pat McAfee Show | Wednesday October 6th, 2021",2021-10-06T19:48:57Z,250317,4398
217,"The Pat McAfee Show | Tuesday October 5th, 2021",2021-10-05T19:58:59Z,387444,6100
218,"The Pat McAfee Show | Monday October 4th, 2021",2021-10-04T19:38:17Z,367817,5810
219,"The Pat McAfee Show | Friday October 1st, 2021",2021-10-01T18:17:06Z,258611,3969
220,"The Pat McAfee Show | Thursday September 30th, 2021",2021-09-30T19:39:19Z,229836,3755
221,"The Pat McAfee Show | Wednesday September 29th, 2021",2021-09-29T19:28:47Z,234258,3986
222,"The Pat McAfee Show | Tuesday September 28th, 2021",2021-09-28T20:05:27Z,409358,6636
223,"The Pat McAfee Show | Monday September 27th, 2021",2021-09-27T20:10:33Z,372274,5626
224,"The Pat McAfee Show | Friday September 24th, 2021",2021-09-24T18:32:18Z,256995,4199
225,"The Pat McAfee Show | Thursday September 23rd, 2021",2021-09-23T19:51:39Z,259689,3790
226,"The Pat McAfee Show | Wednesday September 22nd, 2021",2021-09-22T19:38:15Z,260472,4265
227,"The Pat McAfee Show | Tuesday September 21st, 2021",2021-09-21T19:40:43Z,376079,7062
228,"The Pat McAfee Show | Monday September 20th, 2021",2021-09-20T20:07:17Z,412097,5895
229,"The Pat McAfee Show | Friday September 17th, 2021",2021-09-17T19:45:37Z,253807,3983
230,"The Pat McAfee Show | Thursday September 16th, 2021",2021-09-16T20:19:33Z,475961,5200
231,"The Pat McAfee Show | Wednesday September 15th, 2021",2021-09-15T19:44:00Z,254333,4101
232,"The Pat McAfee Show | Tuesday September 14th, 2021",2021-09-14T19:36:28Z,364353,6710
233,"The Pat McAfee Show | Monday September 13th, 2021",2021-09-13T19:33:21Z,347356,5871
234,"The Pat McAfee Show | Friday September 10th, 2021",2021-09-10T19:13:16Z,376809,5077
235,"The Pat McAfee Show | Thursday September 9th, 2021",2021-09-09T19:43:13Z,246058,4000
236,"The Pat McAfee Show | Wednesday September 8th, 2021",2021-09-08T20:07:07Z,285118,4034
237,"The Pat McAfee Show | Tuesday September 7th, 2021",2021-09-07T19:47:54Z,305872,5582
238,"The Pat McAfee Show | Monday September 6th, 2021",2021-09-06T19:47:07Z,238931,3692
239,"The Pat McAfee Show | Thursday September 2nd, 2021",2021-09-02T19:30:44Z,243589,3780
240,"The Pat McAfee Show | Wednesday September 1st, 2021",2021-09-01T19:24:42Z,224469,3726
241,"The Pat McAfee Show | Tuesday August 31st, 2021",2021-08-31T20:28:31Z,272569,4113
242,"The Pat McAfee Show | Monday August 30th, 2021",2021-08-30T19:44:52Z,230909,3809
243,"The Pat McAfee Show | Friday August 27th, 2021",2021-08-27T19:27:00Z,236862,3495
244,"The Pat McAfee Show | Thursday August 26th, 2021",2021-08-26T19:27:30Z,233789,3896
245,"The Pat McAfee Show | Wednesday August 25th, 2021",2021-08-25T19:37:47Z,282160,5149
246,"The Pat McAfee Show | Tuesday August 24th, 2021",2021-08-24T19:56:50Z,253827,4321
247,"The Pat McAfee Show | Monday August 23rd, 2021",2021-08-23T20:32:46Z,250150,4042
248,"The Pat McAfee Show | Friday August 20th, 2021",2021-08-20T20:24:04Z,302004,4528
249,"The Pat McAfee Show | Thursday August 19th, 2021",2021-08-19T20:03:36Z,204155,3189
250,"The Pat McAfee Show | Wednesday August 18th, 2021",2021-08-18T19:46:24Z,204945,3470
251,"The Pat McAfee Show | Tuesday August 17th, 2021",2021-08-17T19:50:00Z,253890,3873
252,"The Pat McAfee Show | Monday August 16th, 2021",2021-08-16T20:21:54Z,319044,3954
253,"The Pat McAfee Show | Friday August 13th, 2021",2021-08-13T18:13:37Z,235378,6244
254,"The Pat McAfee Show | Thursday August 12th, 2021",2021-08-12T20:02:11Z,217872,3523
255,"The Pat McAfee Show | Wednesday August 11th, 2021",2021-08-11T20:22:35Z,298599,3551
256,"The Pat McAfee Show | Tuesday August 10th, 2021",2021-08-10T20:02:32Z,270036,3718
257,"The Pat McAfee Show | Monday August 9th, 2021",2021-08-09T19:58:45Z,259933,4158
258,"The Pat McAfee Show | Friday August 6th, 2021",2021-08-06T19:25:53Z,531790,4423
259,"The Pat McAfee Show | Thursday August 5th, 2021",2021-08-05T20:01:13Z,263816,3576
260,"The Pat McAfee Show | Wednesday August 4th, 2021",2021-08-04T19:45:58Z,213040,3401
261,"The Pat McAfee Show | Tuesday August 3rd, 2021",2021-08-03T19:53:05Z,248473,3842
262,"The Pat McAfee Show | Monday August 2nd, 2021",2021-08-02T19:46:37Z,231065,3695
263,"The Pat McAfee Show | Friday July 30th, 2021",2021-07-30T18:23:54Z,233878,3782
264,"The Pat McAfee Show | Thursday July 29th, 2021",2021-07-29T19:34:33Z,220578,3820
265,"The Pat McAfee Show | Wednesday July 28th, 2021",2021-07-28T20:00:55Z,261703,3672
266,"The Pat McAfee Show | Tuesday July 27th, 2021",2021-07-27T20:31:19Z,236231,4046
267,"The Pat McAfee Show | Monday July 26th, 2021",2021-07-26T19:50:09Z,293974,3941
268,"The Pat McAfee Show | Friday July 23rd, 2021",2021-07-23T19:19:12Z,213707,3295
269,"The Pat McAfee Show | Thursday July 22nd, 2021",2021-07-22T20:14:50Z,277603,3412
270,"The Pat McAfee Show | Wednesday July 21st, 2021",2021-07-21T19:10:21Z,220317,3606
271,"The Pat McAfee Show | Tuesday July 20th, 2021",2021-07-20T20:02:42Z,285930,3507
272,"The Pat McAfee Show | Monday July 19th, 2021",2021-07-19T19:51:54Z,248147,3783
273,"The Pat McAfee Show | Friday July 16th, 2021",2021-07-16T19:40:51Z,332765,5567
274,"The Pat McAfee Show | Thursday July 15th, 2021",2021-07-15T19:36:48Z,196976,3064
275,"The Pat McAfee Show | Wednesday July 14th, 2021",2021-07-14T20:18:28Z,183671,3114
276,"The Pat McAfee Show | Tuesday July 13th, 2021",2021-07-13T19:53:03Z,238707,3727
277,"The Pat McAfee Show | Monday July 12th, 2021",2021-07-12T20:10:51Z,301330,3459
278,"The Pat McAfee Show | Friday July 9th, 2021",2021-07-09T19:46:31Z,229105,3347
279,"The Pat McAfee Show | Thursday July 8th, 2021",2021-07-08T20:58:39Z,174126,3035
280,"The Pat McAfee Show | Wednesday July 7th, 2021",2021-07-07T19:56:06Z,218623,3732
281,"The Pat McAfee Show | Tuesday July 6th, 2021",2021-07-06T20:01:17Z,216207,4045
282,"The Pat McAfee Show | Monday July 5th, 2021 (Re-upload)",2021-07-05T23:41:12Z,46653,612
283,"The Pat McAfee Show | Monday July 5th, 2021",2021-07-05T19:08:26Z,184770,3470
284,"The Pat McAfee Show | Thursday June 24th, 2021",2021-06-24T19:42:40Z,253152,3642
285,"The Pat McAfee Show | Wednesday June 23rd, 2021",2021-06-23T20:04:54Z,225605,3284
286,"The Pat McAfee Show | Tuesday June 22nd, 2021",2021-06-22T19:36:34Z,203682,3329
287,"The Pat McAfee Show | Monday June 21st, 2021",2021-06-21T19:46:12Z,228730,3432
288,"The Pat McAfee Show | Friday June 18th, 2021",2021-06-18T19:17:11Z,187904,3281
289,"The Pat McAfee Show | Thursday June 17th, 2021",2021-06-17T19:27:39Z,187598,3017
290,"The Pat McAfee Show | Wednesday June 16th, 2021",2021-06-16T20:00:25Z,199375,3096
291,"The Pat McAfee Show | Tuesday June 15th, 2021",2021-06-15T20:11:36Z,264765,3992
292,"The Pat McAfee Show | Monday June 14th, 2021",2021-06-14T20:31:03Z,555742,4557
293,"The Pat McAfee Show | Friday June 11th, 2021",2021-06-11T19:14:50Z,217641,3367
294,"The Pat McAfee Show | Thursday June 10th, 2021",2021-06-10T20:59:30Z,447617,4087
295,"The Pat McAfee Show | Wednesday June 9th, 2021",2021-06-09T19:41:02Z,242899,3773
296,"The Pat McAfee Show | Tuesday June 8th, 2021",2021-06-08T19:48:49Z,249945,3724
297,"The Pat McAfee Show | Friday June 4th, 2021",2021-06-04T19:12:09Z,222436,3509
298,"The Pat McAfee Show | Thursday June 3rd, 2021",2021-06-03T19:40:10Z,223027,3531
299,"The Pat McAfee Show | Wednesday June 2nd, 2021",2021-06-02T23:32:12Z,232113,3661
300,"The Pat McAfee Show | Tuesday June 1st, 2021",2021-06-01T20:12:09Z,249692,3974
301,"The Pat McAfee Show | Friday May 28th, 2021",2021-05-28T19:17:17Z,241100,3646
302,"The Pat McAfee Show | Thursday May 27th, 2021",2021-05-27T20:02:17Z,244144,3658
303,"The Pat McAfee Show | Wednesday May 26th, 2021 (FULL SHOW)",2021-05-27T02:13:14Z,4766,81
304,"The Pat McAfee Show | Wednesday May 26th, 2021",2021-05-26T20:31:42Z,214555,3802
305,"The Pat McAfee Show | Wednesday May 26th, 2021",2021-05-26T16:56:14Z,112815,1650
306,"The Pat McAfee Show | Tuesday May 25th, 2021",2021-05-25T20:24:33Z,605151,4711
307,"The Pat McAfee Show | Monday May 24th, 2021",2021-05-24T20:35:45Z,494427,4232
308,"The Pat McAfee Show | Friday May 21st, 2021",2021-05-21T19:40:44Z,235863,3652
309,"The Pat McAfee Show | Thursday May 20th, 2021",2021-05-20T19:43:13Z,247574,4100
310,"The Pat McAfee Show | Wednesday May 19th, 2021",2021-05-19T20:10:34Z,260648,3911
311,"The Pat McAfee Show | Tuesday May 18th, 2021",2021-05-18T20:16:16Z,380508,4522
312,"The Pat McAfee Show | Monday May 17th, 2021",2021-05-17T19:59:11Z,282909,4358
313,"The Pat McAfee Show | Friday May 14th, 2021",2021-05-14T19:10:23Z,282425,4183
314,"The Pat McAfee Show | Thursday May 13th, 2021",2021-05-13T20:20:37Z,259482,4676
315,"The Pat McAfee Show | Wednesday May 12th, 2021",2021-05-12T19:39:53Z,267318,4430
316,"The Pat McAfee Show | Tuesday May 11th, 2021",2021-05-11T19:59:49Z,270167,4163
317,"The Pat McAfee Show | Monday May 10th, 2021",2021-05-10T21:46:56Z,432995,4718
318,"The Pat McAfee Show | Friday May 7th, 2021",2021-05-07T19:35:18Z,305368,4699
319,"The Pat McAfee Show | Thursday May 6th, 2021",2021-05-06T19:53:07Z,283850,4911
320,"The Pat McAfee Show | Wednesday May 5th, 2021",2021-05-05T19:36:35Z,294109,4896
321,"The Pat McAfee Show | Tuesday May 4th, 2021",2021-05-04T19:52:27Z,313637,5040
322,"The Pat McAfee Show | Monday May 3rd, 2021",2021-05-03T19:31:33Z,360939,6209
323,"The Pat McAfee Show | Friday April 30th, 2021",2021-04-30T19:42:11Z,407224,6188
324,"Pat McAfee's Draft Spectacular | April 29th, 2021",2021-04-30T04:30:08Z,1295791,33792
325,"The Pat McAfee Show | Thursday April 29th, 2021",2021-04-29T19:51:11Z,362353,6510
326,"The Pat McAfee Show | Wednesday April 28th, 2021",2021-04-28T20:23:35Z,428734,4557
327,"The Pat McAfee Show | Tuesday April 27th, 2021",2021-04-27T20:07:24Z,317278,4252
328,"The Pat McAfee Show | Monday April 26th, 2021",2021-04-26T19:57:20Z,328151,4404
329,"The Pat McAfee Show | Friday April 23rd, 2021",2021-04-23T19:30:06Z,229802,3532
330,"The Pat McAfee Show | Thursday April 22nd, 2021",2021-04-22T20:04:56Z,260719,3503
331,"The Pat McAfee Show | Wednesday April 21st, 2021",2021-04-21T19:41:58Z,253239,3955
332,"The Pat McAfee Show | Tuesday April 20th, 2021",2021-04-20T19:55:37Z,348141,4512
333,"The Pat McAfee Show | Monday April 19th, 2021",2021-04-19T19:46:40Z,268205,4235
334,"The Pat McAfee Show | Friday April 16th, 2021",2021-04-16T19:12:13Z,287383,4494
335,"The Pat McAfee Show | Thursday April 15th, 2021",2021-04-15T20:19:53Z,456526,4862
336,"The Pat McAfee Show | Wednesday April 14th, 2021",2021-04-14T20:06:01Z,337107,4473
337,"The Pat McAfee Show | Tuesday April 13th, 2021",2021-04-13T20:12:33Z,456103,4048
338,"The Pat McAfee Show | Monday April 12th, 2021",2021-04-12T19:53:47Z,275811,3969
339,"The Pat McAfee Show | Monday, February 17th",2021-04-09T18:10:45Z,36702,472
340,"The Pat McAfee Show | Thursday, February 20th",2021-04-09T18:11:05Z,25126,395
341,"The Pat McAfee Show | Friday April 9th, 2021",2021-04-09T19:31:06Z,269043,4294
342,"The Pat McAfee Show | Thursday April 8th, 2021",2021-04-08T20:01:43Z,271614,3941
343,"The Pat McAfee Show | Wednesday April 7th, 2021",2021-04-07T20:05:33Z,453786,4823
344,"The Pat McAfee Show | Tuesday April 6th, 2021",2021-04-06T20:03:44Z,324869,4745
345,"The Pat McAfee Show | Monday April 5th, 2021",2021-04-05T19:36:23Z,317600,5166
346,"The Pat McAfee Show | Friday April 2nd, 2021",2021-04-02T20:09:49Z,334619,4665
347,"The Pat McAfee Show | Thursday April 1st, 2021",2021-04-01T20:22:49Z,425605,4767
348,"The Pat McAfee Show | Wednesday March 31st, 2021",2021-03-31T20:02:36Z,307158,4818
349,"The Pat McAfee Show | Tuesday March 30th, 2021",2021-03-30T20:15:16Z,401601,4985
350,"The Pat McAfee Show | Monday March 29th, 2021",2021-03-29T20:03:00Z,306296,4747
351,"The Pat McAfee Show | Friday March 26th, 2021",2021-03-26T20:35:20Z,310326,5573
352,"The Pat McAfee Show | Thursday March 25th, 2021",2021-03-25T20:12:13Z,446096,5045
353,"The Pat McAfee Show | Wednesday March 24th, 2021",2021-03-24T19:45:25Z,324182,5376
354,"The Pat McAfee Show | Tuesday March 23rd, 2021",2021-03-23T20:42:17Z,291758,5206
355,"The Pat McAfee Show | Monday March 22nd, 2021",2021-03-22T20:24:51Z,312612,5479
356,"The Pat McAfee Show | Friday March 19th, 2021",2021-03-19T20:33:37Z,882904,8993
357,"The Pat McAfee Show | Thursday March 18th, 2021",2021-03-18T20:23:15Z,573097,6110
358,"The Pat McAfee Show | Wednesday March 17th, 2021",2021-03-17T20:48:53Z,541290,6359
359,"The Pat McAfee Show | Tuesday March 16th, 2021",2021-03-16T19:59:55Z,375449,6799
360,"The Pat McAfee Show | Monday March 15th, 2021",2021-03-15T20:02:55Z,421896,7453
361,"The Pat McAfee Show | Friday March 12th, 2021",2021-03-12T20:35:22Z,340277,5491
362,"The Pat McAfee Show | Thursday March 11th, 2021",2021-03-11T21:19:13Z,435967,4731
363,"The Pat McAfee Show | Wednesday March 10th, 2021",2021-03-10T21:17:20Z,422055,4782
364,"The Pat McAfee Show | Tuesday March 9th, 2021",2021-03-09T21:12:09Z,570485,5359
365,"The Pat McAfee Show | Monday March 8th, 2021",2021-03-08T20:18:27Z,273421,4745
366,"The Pat McAfee Show | Friday March 5th, 2021",2021-03-05T20:34:45Z,292801,4584
367,"The Pat McAfee Show | Thursday March 4th, 2021",2021-03-04T20:51:19Z,289107,4459
368,"The Pat McAfee Show | Wednesday March 3rd, 2021",2021-03-03T20:54:04Z,468898,5430
369,"The Pat McAfee Show | Tuesday March 2nd, 2021",2021-03-02T20:36:31Z,387409,4524
370,Pat McAfee Reacts To JJ Watt Signing With The Arizona Cardinals,2021-03-01T18:03:18Z,564589,11312
371,"The Pat McAfee Show | Monday March 1st, 2021",2021-03-01T20:37:12Z,324150,5323
372,"The Pat McAfee Show | Friday February 26th, 2021",2021-02-26T21:00:23Z,311030,4715
373,"The Pat McAfee Show | Thursday February 25th, 2021",2021-02-25T21:14:24Z,396705,5481
374,"The Pat McAfee Show | Tuesday February 23rd, 2021",2021-02-23T21:20:06Z,416472,5664
375,"The Pat McAfee Show | Monday February 22nd, 2021",2021-02-22T20:20:45Z,318362,5600
376,"The Pat McAfee Show | Thursday February 18th, 2021",2021-02-18T20:40:32Z,526122,11390
377,"The Pat McAfee Show | Wednesday February 17th, 2021",2021-02-17T20:42:33Z,281690,4836
378,"The Pat McAfee Show | Tuesday February 16th, 2021",2021-02-16T21:10:41Z,453774,5239
379,"The Pat McAfee Show | Monday February 15th, 2021",2021-02-15T20:47:54Z,309858,4979
380,"The Pat McAfee Show | Friday, February 12th, 2021",2021-02-12T21:23:27Z,336832,5835
381,"The Pat McAfee Show | Thursday February 11th, 2021",2021-02-11T21:25:43Z,289385,5350
382,"The Pat McAfee Show | Wednesday February 10th, 2021",2021-02-10T20:50:56Z,371201,5385
383,"The Pat McAfee Show | Tuesday February 9th, 2021",2021-02-09T21:15:40Z,552807,6567
384,"The Pat McAfee Show | Monday February 8th, 2021",2021-02-08T20:36:54Z,698853,10103
385,Countdown To Kickoff Celebration Super Show | The Pat McAfee Show,2021-02-07T23:53:27Z,558866,15419
386,"The Pat McAfee Show | Friday February 5th, 2021",2021-02-05T20:33:57Z,330286,5641
387,"The Pat McAfee Show | Thursday February 4th, 2021",2021-02-04T21:11:05Z,358529,6098
388,"The Pat McAfee Show | Wednesday February 3rd, 2021",2021-02-03T20:46:25Z,323886,6321
389,"The Pat McAfee Show | Tuesday February 2nd, 2021",2021-02-02T20:43:31Z,390604,6431
390,"The Pat McAfee Show | Monday February 1st, 2021",2021-02-01T20:49:58Z,574700,7255
391,"The Pat McAfee Show | Friday January 29th, 2021",2021-01-29T20:43:22Z,362568,5944
392,"The Pat McAfee Show | Thursday January 28th, 2021",2021-01-28T20:37:34Z,507460,6301
393,"The Pat McAfee Show | Tuesday January 26th, 2021",2021-01-26T20:29:26Z,691144,16250
394,"The Pat McAfee Show | Monday January 25th, 2021",2021-01-25T20:17:04Z,432106,11382
395,"The Pat McAfee Show | Friday January 22nd, 2021",2021-01-22T20:32:37Z,368802,6011
396,"The Pat McAfee Show | Thursday January 21st, 2021",2021-01-21T20:19:06Z,330869,5928
397,"The Pat McAfee Show | Wednesday January 20th, 2021",2021-01-20T20:31:30Z,323407,5491
398,"The Pat McAfee Show | Monday January 18th, 2021",2021-01-18T20:34:30Z,397323,7125
399,"The Pat McAfee Show | Friday January 15th, 2021",2021-01-15T20:41:22Z,363903,6107
400,"The Pat McAfee Show | Thursday January 14th, 2021",2021-01-14T20:52:16Z,333360,5900
401,"The Pat McAfee Show | Wednesday January  13th, 2021",2021-01-13T20:31:17Z,360816,6101
402,"The Pat McAfee Show | Tuesday January 12th, 2021",2021-01-12T20:48:03Z,669746,9687
403,"The Pat McAfee Show | Monday January 11th, 2021",2021-01-11T20:20:21Z,505393,11518
404,The Pat McAfee Show | Friday January 8th. 2021,2021-01-08T20:31:37Z,388249,5968
405,"The Pat McAfee Show | Thursday January 7th, 2021",2021-01-07T20:11:54Z,357465,6872
406,"The Pat McAfee Show | Wednesday January 6th, 2021",2021-01-06T20:16:27Z,287900,5343
407,"The Pat McAfee Show | Tuesday January 5th, 2021",2021-01-05T20:27:50Z,451358,10390
408,"The Pat McAfee Show | Monday January 4th, 2021",2021-01-04T20:10:30Z,408705,8380
409,"The Pat McAfee Show | Thursday December 31st, 2020",2020-12-31T20:42:14Z,274046,6245
410,"The Pat McAfee Show | Wednesday December 30th, 2020",2020-12-30T21:08:59Z,304887,8222
411,"The Pat McAfee Show | Tuesday December 29th, 2020",2020-12-29T20:50:18Z,492589,16579
412,"The Pat McAfee Show | Monday December 28th, 2020",2020-12-28T20:21:59Z,321000,5874
413,"The Pat McAfee Show | Wednesday December 23rd, 2020",2020-12-23T20:21:00Z,249765,3824
414,"The Pat McAfee Show | Tuesday December 22nd, 2020",2020-12-22T20:43:15Z,314878,5977
415,"The Pat McAfee Show | Monday December 21st, 2020",2020-12-21T20:11:04Z,250806,4100
416,"The Pat McAfee Show | Friday December 18th, 2020",2020-12-18T20:48:56Z,248929,4316
417,"The Pat McAfee Show | Thursday December 17th, 2020",2020-12-17T20:31:46Z,192174,3213
418,"The Pat McAfee Show | Wednesday December 16th, 2020",2020-12-16T20:34:42Z,184889,3549
419,"The Pat McAfee Show | Tuesday December 15th, 2020",2020-12-15T20:34:41Z,293412,5486
420,"The Pat McAfee Show | Monday December 14th, 2020",2020-12-14T20:14:58Z,243430,3615
421,"The Pat McAfee Show | Friday December 11th, 2020",2020-12-11T20:16:43Z,257122,4406
422,"The Pat McAfee Show | Thursday December 10th, 2020",2020-12-10T20:14:44Z,182538,3326
423,"The Pat McAfee Show | Wednesday December 9th, 2020",2020-12-09T20:14:47Z,208740,3288
424,"The Pat McAfee Show | Tuesday December  8th, 2020",2020-12-08T20:12:55Z,285518,5437
425,"The Pat McAfee Show | Monday December 7th, 2020",2020-12-07T20:16:51Z,268046,4457
426,"The Pat McAfee Show | Friday December 4th, 2020",2020-12-04T20:16:40Z,223670,3599
427,"The Pat McAfee Show | Thursday December 3rd, 2020",2020-12-03T20:39:15Z,196867,2917
428,"The Pat McAfee Show | Wednesday December 2nd, 2020",2020-12-02T20:35:19Z,174363,3125
429,"The Pat McAfee Show | Tuesday December 1st, 2020",2020-12-01T21:17:10Z,331259,5062
430,"The Pat McAfee Show | Monday November 30th, 2020",2020-11-30T20:39:59Z,267102,4301
431,"The Pat McAfee Show | Friday November 27th, 2020",2020-11-27T20:42:43Z,234553,3746
432,"The Pat McAfee Show | Wednesday November 25th, 2020",2020-11-25T20:27:06Z,196338,3591
433,"The Pat McAfee Show | Tuesday November 24th, 2020",2020-11-24T20:51:37Z,268439,4711
434,"The Pat McAfee Show | Monday November 23rd, 2020",2020-11-23T20:18:15Z,260041,4041
435,"The Pat McAfee Show | Friday November 20th, 2020",2020-11-20T20:35:41Z,226453,3306
436,"The Pat McAfee Show | Thursday November 19th, 2020",2020-11-19T20:20:30Z,180697,3024
437,"The Pat McAfee Show | Wednesday November 18th, 2020",2020-11-18T20:24:36Z,178828,3000
438,"The Pat McAfee Show | Tuesday November 17th, 2020",2020-11-17T20:28:16Z,267435,4884
439,"The Pat McAfee Show | Monday November 16th, 2020",2020-11-16T20:21:35Z,232836,3691
440,"The Pat McAfee Show | Friday November 13th, 2020",2020-11-13T20:18:53Z,202773,3010
441,"The Pat McAfee Show | Thursday November 12th, 2020",2020-11-12T20:24:29Z,172996,2870
442,"The Pat McAfee Show | Wednesday November 11th, 2020",2020-11-11T20:23:57Z,187682,3149
443,"The Pat McAfee Show | Tuesday November 10th, 2020",2020-11-10T20:36:16Z,253541,4622
444,"The Pat McAfee Show | Monday November 9th, 2020",2020-11-09T20:29:08Z,235747,3858
445,"The Pat McAfee Show | Friday November 6th, 2020",2020-11-06T20:34:52Z,218403,3882
446,"The Pat McAfee Show | Thursday November 5th, 2020",2020-11-05T20:30:15Z,192946,3136
447,"The Pat McAfee Show | Wednesday November 4th, 2020",2020-11-04T20:19:16Z,198155,3171
448,"The Pat McAfee Show | November 3rd, 2020",2020-11-03T20:18:19Z,248024,3792
449,"The Pat McAfee Show | Monday November 2nd, 2020",2020-11-02T20:16:51Z,222593,4031
450,"The Pat McAfee Show | Friday October 30th, 2020",2020-10-30T19:21:42Z,191684,3200
451,"The Pat McAfee Show | Thursday October 29th, 2020",2020-10-29T19:15:32Z,190920,3374
452,"The Pat McAfee Show | Wednesday October 28th, 2020",2020-10-28T19:39:59Z,191208,3201
453,"The Pat McAfee Show | Tuesday October 27th, 2020",2020-10-27T20:00:00Z,311529,2826
454,"The Pat McAfee Show | Monday October 26th, 2020",2020-10-26T19:52:54Z,309775,5605
455,"The Pat McAfee Show | Friday October 23rd, 2020",2020-10-23T19:17:23Z,214956,3422
456,"The Pat McAfee Show | Thursday October 22nd, 2020",2020-10-22T19:27:57Z,220193,3824
457,"The Pat McAfee Show | Wednesday October 21st, 2020",2020-10-21T19:32:03Z,189620,3260
458,"The Pat McAfee Show | Tuesday October 20th, 2020",2020-10-20T19:16:26Z,270881,5327
459,"The Pat McAfee Show | Monday October 19th, 2020",2020-10-19T19:23:30Z,255211,4081
460,"The Pat McAfee Show | October 16th, 2020",2020-10-16T19:22:29Z,247064,3649
461,"The Pat McAfee Show | Thursday October 15th, 2020",2020-10-15T19:29:16Z,184545,3298
462,"The Pat McAfee Show | Wednesday October 14th, 2020",2020-10-14T19:20:47Z,197944,3569
463,"The Pat McAfee Show | October 13th, 2020",2020-10-13T19:27:53Z,291133,5477
464,"The Pat McAfee Show | October 12th, 2020",2020-10-12T19:16:17Z,282702,4763
465,"The Pat McAfee Show | Friday October 9th, 2020",2020-10-09T19:28:59Z,216900,4090
466,"The Pat McAfee Show | Thursday October 8th, 2020",2020-10-08T19:19:12Z,203635,3558
467,"You Got Us To 1 Million Subs, We Want To Give You $100,000",2020-10-07T16:40:18Z,78052,4907
468,"The Pat McAfee Show | Wednesday October 7th, 2020",2020-10-07T19:47:22Z,229906,4224
469,"The Pat McAfee Show | Tuesday October 6th, 2020",2020-10-06T19:53:43Z,373524,7505
470,"The Pat McAfee Show | Monday October 5th, 2020",2020-10-05T19:26:01Z,222158,5582
471,"The Pat McAfee Show | October 2nd, 2020",2020-10-02T19:35:15Z,191197,3365
472,"The Pat McAfee Show | Thursday October 1st, 2020",2020-10-01T19:37:48Z,179988,3165
473,"The Pat McAfee Show | Wednesday September 30th, 2020",2020-09-30T19:34:12Z,211194,3616
474,"The Pat McAfee Show | Tuesday September 29th, 2020",2020-09-29T19:39:30Z,284542,6182
475,"The Pat McAfee Show | Monday September 28th, 2020",2020-09-28T19:40:35Z,247078,4393
476,"The Pat McAfee Show | Friday September 25th, 2020",2020-09-25T19:15:26Z,165402,3154
477,"The Pat McAfee Show | Thursday September 24th, 2020",2020-09-24T19:17:44Z,191491,3404
478,"The Pat McAfee Show | Wednesday September 23rd, 2020",2020-09-23T19:20:18Z,194880,3552
479,"The Pat McAfee Show | Tuesday September 22nd, 2020",2020-09-22T20:32:41Z,488614,3584
480,"The Pat McAfee Show | Monday September 21st, 2020",2020-09-21T19:17:44Z,266627,5277
481,"The Pat McAfee Show | Friday September 18th, 2020",2020-09-18T19:31:54Z,184724,3699
482,"The Pat McAfee Show | Thursday September 17th, 2020",2020-09-17T19:16:04Z,167207,5302
483,"The Pat McAfee Show | Wednesday September 16th, 2020",2020-09-16T19:19:49Z,193396,3474
484,"The Pat McAfee Show | Tuesday September 15th, 2020",2020-09-15T19:34:42Z,293006,5817
485,"The Pat McAfee Show | Monday September 14th, 2020",2020-09-14T19:17:45Z,288539,5904
486,"The Pat McAfee Show | Friday September 11th, 2020",2020-09-11T19:21:21Z,214305,4109
487,"The Pat McAfee Show | Thursday September 10th, 2020",2020-09-10T19:48:42Z,212793,3934
488,"The Pat McAfee Show | Wednesday September 9th, 2020",2020-09-09T20:06:56Z,222659,5471
489,"The Pat McAfee Show | Tuesday September 8th, 2020",2020-09-08T17:39:23Z,153619,2972
490,"The Pat McAfee Show | Friday September 4th, 2020",2020-09-04T19:31:31Z,177974,3136
491,"The Pat McAfee Show | Thursday September 3rd, 2020",2020-09-03T19:26:46Z,175853,3459
492,"The Pat McAfee Show | September 2nd, 2020",2020-09-02T18:46:45Z,150078,3154
493,"The Pat McAfee Show | September 1st, 2020",2020-09-01T19:26:00Z,172645,3389
494,"The Pat McAfee Show | Monday August 31, 2020",2020-08-31T19:38:16Z,171810,4107
495,"The Pat McAfee Show | Friday August 28th, 2020",2020-08-28T16:12:30Z,108666,2017
496,"The Pat McAfee Show | Thursday August 27, 2020",2020-08-27T16:06:37Z,107970,2194
497,Pat McAfee Was Kicked Out Of A NBA Virtual Crowd for the Rockets vs Mavericks.,2020-08-26T17:15:03Z,432324,7960
498,"The Pat McAfee Show | Wednesday August 26th, 2020",2020-08-26T16:22:18Z,107482,2420
499,"The Pat McAfee Show | Tuesday August 25th, 2020",2020-08-25T16:08:45Z,93583,2187
500,"The Pat McAfee Show | Monday August 24th, 2020",2020-08-24T17:00:24Z,165074,5327
501,"The Pat McAfee Show | Friday August 21st, 2020",2020-08-21T17:22:43Z,120483,2434
502,"The Pat McAfee Show | Thursday August 20th, 2020",2020-08-20T16:44:55Z,109511,2071
503,"The Pat McAfee Show | Wednesday August 19th, 2020",2020-08-19T16:52:42Z,106494,2461
504,"The Pat McAfee Show | Tuesday August 18th, 2020",2020-08-18T17:14:07Z,125281,2310
505,"The Pat McAfee Show | Monday August 17th, 2020",2020-08-17T17:03:41Z,118295,2491
506,"The Pat McAfee Show | Friday August 14th, 2020",2020-08-14T17:42:25Z,134907,2883
507,"The Pat McAfee Show | Thursday August 13th, 2020",2020-08-13T16:36:20Z,131526,2428
508,"The Pat McAfee Show | Wednesday August 12th, 2020",2020-08-12T16:13:53Z,114994,2384
509,"The Pat McAfee Show | Tuesday August 11th, 2020",2020-08-11T16:22:11Z,136223,2721
510,"The Pat McAfee Show | Monday August 10th, 2020",2020-08-10T16:32:09Z,161460,3225
511,"The Pat McAfee Show | Thursday July 30th, 2020",2020-07-30T16:20:21Z,188676,5771
512,"The Pat McAfee Show | Wednesday July 29th, 2020",2020-07-29T16:16:53Z,160989,3481
513,"The Pat McAfee Show | Tuesday July 28th, 2020",2020-07-28T16:03:47Z,135742,3201
514,"The Pat McAfee Show | Monday July 27th, 2020",2020-07-27T16:23:58Z,161097,3235
515,"The Pat McAfee Show | Friday July 24th, 2020",2020-07-24T16:10:04Z,173115,3221
516,Pat McAfee's Opening Day Watch Along,2020-07-24T01:42:18Z,186271,3751
517,"The Pat McAfee Show | Thursday July 23rd, 2020",2020-07-23T16:17:12Z,247871,3813
518,"The Pat McAfee Show | Wednesday July 22nd, 2020",2020-07-22T16:28:30Z,153933,3043
519,"The Pat McAfee Show | Tuesday July 21st, 2020",2020-07-21T16:03:56Z,146709,2568
520,"The Pat McAfee Show | Monday July 20th, 2020",2020-07-20T16:13:46Z,133981,2578
521,"The Pat McAfee Show | Friday July 17th, 2020",2020-07-17T16:13:11Z,158557,3149
522,"The Pat McAfee Show | Thursday July 16th, 2020",2020-07-16T16:03:32Z,148465,2248
523,"The Pat McAfee Show | Wednesday July 15th, 2020",2020-07-15T16:11:50Z,121117,2314
524,The Pat McAfee Show | Tuesday July 14th,2020-07-14T16:03:49Z,121381,2137
525,"The Pat McAfee Show | Monday July 13th, 2020",2020-07-13T16:28:37Z,168950,3042
526,"The Pat McAfee Show | Friday July 10th, 2020",2020-07-10T16:02:42Z,135871,2292
527,"The Pat McAfee Show | Thursday July 9th, 2020",2020-07-09T16:03:26Z,136508,2503
528,"The Pat McAfee Show | Wednesday July 8th, 2020",2020-07-08T16:23:36Z,154041,4790
529,"The Pat McAfee Show | Tuesday July 7th, 2020",2020-07-07T16:06:10Z,139803,2458
530,"The Pat McAfee Show | Monday July 6th, 2020",2020-07-06T16:51:09Z,162742,2547
531,"The Pat McAfee Show | Thursday July 2nd, 2020",2020-07-02T16:19:40Z,131106,2267
532,"The Pat McAfee Show | Wednesday July 1st, 2020",2020-07-01T16:21:58Z,130289,2350
533,"The Pat McAfee Show | Tuesday June 30th, 2020",2020-06-30T16:23:07Z,116132,2337
534,"The Pat McAfee Show | Monday June 29th, 2020",2020-06-29T16:24:55Z,146613,2902
535,"The Pat McAfee Show | Thursday June 25th, 2020",2020-06-25T16:13:36Z,149358,5460
536,"The Pat McAfee Show | Wednesday June 24th, 2020",2020-06-24T16:24:06Z,148318,5389
537,"The Pat McAfee Show | Tuesday June 23rd, 2020",2020-06-23T16:11:12Z,109135,1673
538,"The Pat McAfee Show | Monday June 22nd, 2020",2020-06-22T16:07:30Z,109671,1751
539,"The Pat McAfee Show | Thursday June 18th, 2020",2020-06-18T16:14:23Z,123260,1966
540,"The Pat McAfee Show | Wednesday June 17th, 2020",2020-06-17T16:24:28Z,110454,1914
541,"The Pat McAfee Show | Tuesday, June 16th",2020-06-16T16:04:13Z,104504,1657
542,"The Pat McAfee Show | Monday June 15th, 2020",2020-06-15T16:21:27Z,114175,1687
543,"The Pat McAfee Show | Friday June 12th, 2020",2020-06-12T18:30:01Z,99848,1018
544,"The Pat McAfee Show | Thursday June 11th, 2020",2020-06-11T16:34:21Z,121587,1870
545,"The Pat McAfee Show | Wednesday June 10th, 2020",2020-06-10T16:24:02Z,128681,2242
546,"The Pat McAfee Show | Tuesday June 9th, 2020",2020-06-09T16:18:00Z,110689,1869
547,"The Pat McAfee Show | Monday June 8th, 2020",2020-06-08T16:09:02Z,124474,2047
548,"The Pat McAfee Show | Friday June 5th, 2020",2020-06-05T16:06:02Z,163888,2267
549,"The Pat McAfee Show | Thursday, June 4th",2020-06-04T16:04:03Z,127633,2186
550,"The Pat McAfee Show | Wednesday, June 3rd",2020-06-03T16:25:09Z,149006,2558
551,"The Pat McAfee Show | Monday, June 1st",2020-06-01T16:08:57Z,169644,3312
552,"The Pat McAfee Show | Friday, May 29th",2020-05-29T16:14:15Z,150396,2297
553,"The Pat McAfee Show | Thursday, May 28th",2020-05-28T16:15:44Z,133604,2306
554,"The Pat McAfee Show | Wednesday May 27th, 2020",2020-05-27T16:17:37Z,153125,3379
555,"The Pat McAfee Show | Tuesday, May 26th",2020-05-26T16:05:10Z,132556,4295
556,"The Pat McAfee Show | Monday, May 25th",2020-05-25T16:13:30Z,135588,2354
557,"The Pat McAfee Show | Friday, May 22nd",2020-05-22T16:04:01Z,141183,2386
558,"The Pat McAfee Show | Thursday, May 21st",2020-05-21T16:17:54Z,154739,3534
559,"The Pat McAfee Show | Wednesday, May 20th",2020-05-20T16:27:37Z,151268,2580
560,"The Pat McAfee Show | Tuesday, May 19th",2020-05-19T16:10:09Z,127612,2107
561,"The Pat McAfee Show | Monday, May 18th",2020-05-18T16:11:48Z,155104,2129
562,"The Pat McAfee Show | Friday, May 15th",2020-05-15T16:19:45Z,166486,2663
563,"The Pat McAfee Show | Thursday, May 14th",2020-05-14T16:04:32Z,131975,2142
564,"The Pat McAfee Show | Wednesday, May 13th",2020-05-13T16:06:39Z,164423,2848
565,"The Pat McAfee Show | Tuesday, May 12th",2020-05-12T16:08:12Z,139725,2349
566,"The Pat McAfee Show | Monday, May 11th",2020-05-11T16:05:34Z,146655,2320
567,"The Pat McAfee Show | Friday, May 8th",2020-05-08T16:34:21Z,177521,2763
568,"The Pat McAfee Show | Thursday, May 7th",2020-05-07T16:06:23Z,152820,2447
569,"The Pat McAfee Show | Wednesday, May 6th",2020-05-06T16:35:44Z,161027,2552
570,"The Pat McAfee Show | Tuesday, May 5th",2020-05-05T16:10:35Z,160092,2314
571,"Dalton To The Cowboys, The Last Dance, And More - The Pat McAfee Show | Monday, May 4th",2020-05-04T16:08:28Z,168356,2527
572,"The Pat McAfee Show | Friday, May 1st",2020-05-01T16:05:41Z,215784,2575
573,"The Pat McAfee Show | Thursday, April 30th",2020-04-30T16:04:39Z,158615,2575
574,"The Pat McAfee Show | Wednesday, April 29th",2020-04-29T16:09:03Z,148558,2579
575,"The Pat McAfee Show | Tuesday, April 28th",2020-04-28T16:11:26Z,131547,2188
576,"The Pat McAfee Show | Monday, April 27th",2020-04-27T16:06:36Z,148043,2406
577,"The Pat McAfee Show | Friday, April 24th",2020-04-24T16:06:48Z,215327,4070
578,"The Pat McAfee Show | Thursday, April 23rd",2020-04-23T16:06:16Z,133920,3426
579,"The Pat McAfee Show | Wednesday, April 22nd",2020-04-22T16:06:26Z,116243,2209
580,"The Pat McAfee Show | Tuesday, April 21",2020-04-21T16:11:23Z,122815,2064
581,"The Pat McAfee Show | Monday, April 20th",2020-04-20T16:08:02Z,114919,1713
582,"The Pat McAfee Show | Friday, April 17th",2020-04-17T16:07:25Z,102415,1725
583,"The Pat McAfee Show | Thursday, April 16th",2020-04-16T16:07:26Z,100373,1775
584,"The Pat McAfee Show | Wednesday, April 15th",2020-04-15T16:13:18Z,91825,1528
585,"The Pat McAfee Show | Tuesday, April 14th",2020-04-14T16:04:43Z,81950,1374
586,"The Pat McAfee Show | Monday, April 13th",2020-04-13T16:05:01Z,82119,1332
587,"The Pat McAfee Show | Friday, April 10th",2020-04-10T16:07:07Z,82383,1520
588,"The Pat McAfee Show | Thursday, April 9th",2020-04-09T16:12:10Z,64362,1179
589,"The Pat McAfee Show | Wednesday, April 8th",2020-04-08T16:22:38Z,75278,1177
590,"The Pat McAfee Show | Tuesday, April 7th",2020-04-07T16:05:44Z,63885,1062
591,"The Pat McAfee Show | Monday, April 6th",2020-04-06T16:05:46Z,67284,1092
592,"The Pat McAfee Show | Friday, April 3rd",2020-04-03T16:10:18Z,74165,1082
593,"The Pat McAfee Show | Thursday, April 2nd",2020-04-02T16:05:01Z,79075,1167
594,"The Pat McAfee Show | Wednesday, April 1st",2020-04-01T16:11:48Z,89125,1435
595,"The Pat McAfee Show | Tuesday, March 31st",2020-03-31T16:08:43Z,68881,988
596,"The Pat McAfee Show | Monday, March 30th",2020-03-30T16:06:18Z,77807,1259
597,"The Pat McAfee Show | Friday, March 27th",2020-03-27T16:06:13Z,73329,1141
598,"The Pat McAfee Show | Thursday, March 26th",2020-03-26T16:44:39Z,72383,1239
599,"The Pat McAfee Show | Wednesday, March 25th",2020-03-25T16:54:27Z,86093,1349
600,"The Pat McAfee Show | Tuesday, March 24th",2020-03-24T16:06:58Z,74529,1257
601,"The Pat McAfee Show | Monday, March 23rd",2020-03-23T16:21:27Z,80609,1241
602,"The Pat McAfee Show | Friday, March 20th",2020-03-20T16:11:00Z,62907,1337
603,"The Pat McAfee Show | Thursday, March 19th",2020-03-19T16:05:29Z,101705,1585
604,"The Pat McAfee Show | Wednesday, March 18th",2020-03-18T16:14:58Z,83319,1681
605,"The Pat McAfee Show | Tuesday, March 17th",2020-03-17T16:13:54Z,82653,1504
606,"The Pat McAfee Show | Monday, March 16th",2020-03-16T16:16:29Z,78100,1166
607,"The Pat McAfee Show | Friday, March 13th",2020-03-13T16:13:42Z,86095,1310
608,"The Pat McAfee Show | Thursday, March 12th",2020-03-12T16:15:53Z,91814,1268
609,"The Pat McAfee Show | Wednesday, March 11th",2020-03-11T16:17:23Z,59628,921
610,"The Pat McAfee Show | Tuesday, March 10th",2020-03-10T16:17:37Z,60361,799
611,"The Pat McAfee Show | Monday, March 9th",2020-03-09T16:17:37Z,76407,1011
612,"The Pat McAfee Show | Friday, March 6th",2020-03-06T17:26:23Z,70738,1462
613,"The Pat McAfee Show | Thursday, March 5th",2020-03-05T17:35:49Z,68550,1044
614,"The Pat McAfee Show | Wednesday, March 4th",2020-03-04T17:16:34Z,70969,980
615,"The Pat McAfee Show | Tuesday, March 3rd",2020-03-03T17:26:30Z,74888,1265
616,"The Pat McAfee Show | Monday, March 2nd",2020-03-02T17:15:22Z,80587,1282
617,"The Pat McAfee Show | Friday, February 28th",2020-02-28T17:17:16Z,110357,1348
618,"The Pat McAfee Show | Thursday, February 27th",2020-02-27T17:55:42Z,69247,1006
619,"The Pat McAfee Show | Wednesday, February 26th",2020-02-26T17:24:33Z,67006,784
620,"The Pat McAfee Show | Tuesday, February 25th",2020-02-25T17:13:35Z,60853,958
621,"The Pat McAfee Show | Monday, February 24th",2020-02-24T17:34:14Z,66137,963
622,"The Pat McAfee Show | Friday, February 21st",2020-02-21T17:59:38Z,174689,3174
623,"The Pat McAfee Show | Thursday, February 20th",2020-02-20T17:33:41Z,42598,625
624,"The Pat McAfee Show | Wednesday, February 19th",2020-02-19T17:16:09Z,57525,878
625,"The Pat McAfee Show | Tuesday, February 18th",2020-02-18T17:09:09Z,83245,1213
626,"The Pat McAfee Show | Monday, February 17th",2020-02-17T21:09:52Z,27687,426
627,"The Pat McAfee Show | Friday, February 14th",2020-02-14T17:14:45Z,42811,598
628,"The Pat McAfee Show | Thursday, February 13th",2020-02-13T17:12:20Z,54839,725
629,"The Pat McAfee Show | Wednesday, February 12th",2020-02-12T17:22:35Z,47645,681
630,"The Pat McAfee Show | Tuesday, February 11th",2020-02-11T17:10:29Z,44366,638
631,"The Pat McAfee Show | Monday, February 10th",2020-02-10T17:13:30Z,80881,1348
632,"The Pat McAfee Show | Friday, February 7th",2020-02-07T17:14:51Z,69534,961
633,"The Pat McAfee Show | Thursday, February 6th",2020-02-06T17:11:00Z,58982,890
634,"The Pat McAfee Show | Wednesday, February 5th",2020-02-05T17:12:17Z,56938,766
635,"The Pat McAfee Show | Tuesday, February 4th",2020-02-04T17:12:42Z,68929,886
636,"The Pat McAfee Show | Monday, February 3rd",2020-02-03T17:12:59Z,83682,1251
637,The Pat McAfee Show | Friday January 31st,2020-01-31T17:14:53Z,77008,1344
638,"The Pat McAfee Show | Thursday, January 30th",2020-01-30T17:13:37Z,53966,936
639,"The Pat McAfee Show | Wednesday, January 29th",2020-01-29T17:12:30Z,64683,781
640,"The Pat McAfee Show | Tuesday, January 28th",2020-01-28T17:14:42Z,57060,891
641,"The Pat McAfee Show | Monday, January 27th",2020-01-27T16:24:52Z,94474,2115
642,"The Pat McAfee Show | Friday, January 24th",2020-01-24T17:08:52Z,74177,1066
643,"The Pat McAfee Show | Thursday, January 23rd",2020-01-23T17:41:47Z,60485,868
644,"The Pat McAfee Show | Wednesday, January 22nd",2020-01-22T18:39:09Z,72897,904
645,"The Pat McAfee Show | Tuesday, January 21st",2020-01-21T17:11:32Z,76282,1027
646,"The Pat McAfee Show | Monday, January 20th",2020-01-20T17:08:22Z,80134,1048
647,"The Pat McAfee Show | Friday, January 17th",2020-01-17T17:25:30Z,73591,1030
648,"The Pat McAfee Show | Thursday, January 16th",2020-01-16T17:17:38Z,61171,888
649,"The Pat McAfee Show | Wednesday, January 15th",2020-01-15T17:16:36Z,61506,806
650,"The Pat McAfee Show | Tuesday, January 14th",2020-01-14T17:11:28Z,87297,1127
651,"The Pat McAfee Show | Monday, January 13th",2020-01-13T17:15:45Z,74459,1013
652,"The Pat McAfee Show | Friday, January 10",2020-01-10T17:11:17Z,85076,1138
653,"The Pat McAfee Show | Thursday, January 9th",2020-01-09T17:12:58Z,70529,1040
654,"The Pat McAfee Show | Wednesday, January 8th",2020-01-08T17:12:48Z,74747,1053
655,"The Pat McAfee Show | Tuesday, January 7th",2020-01-07T17:14:39Z,75439,1130
656,"The Pat McAfee Show | Monday, January 6th",2020-01-06T17:07:12Z,98625,1337
657,"The Pat McAfee Show | Friday, January 3rd",2020-01-03T17:11:18Z,98618,1334
658,"The Pat McAfee Show | Thursday, January 2nd",2020-01-02T17:14:33Z,74490,991
659,"The Pat McAfee Show | Wednesday, January 1st",2020-01-01T17:09:47Z,69951,1219
660,"The Pat McAfee Show | Tuesday, December 31st",2019-12-31T17:12:49Z,60279,1035
661,"The Pat McAfee Show | Monday, Decemeber 30th",2019-12-30T17:13:53Z,99713,1269
662,"The Pat McAfee Show | Friday, December 27th",2019-12-27T17:05:54Z,44212,696
663,"The Pat McAfee Show | Monday, December 23rd",2019-12-23T17:37:12Z,77734,1035
664,"The Pat McAfee Show | Friday, December 20th",2019-12-20T17:15:09Z,41486,530
665,"The Pat McAfee Show | Thursday, December 19th",2019-12-19T17:15:15Z,53870,639
666,"The Pat McAfee Show | Wednesday, December 18th",2019-12-18T17:10:03Z,100902,831
667,"The Pat McAfee Show | Tuesday, December 17th",2019-12-17T17:20:43Z,62253,779
668,"The Pat McAfee Show | Monday, December 16th",2019-12-16T17:11:49Z,63942,722
669,"The Pat McAfee Show | Friday, December 13th",2019-12-13T17:45:48Z,61840,842
670,"The Pat McAfee Show | Thursday, December 12th",2019-12-12T17:18:41Z,56739,679
671,"The Pat McAfee Show | Wednesday, December 11th",2019-12-11T17:25:35Z,50420,740
672,"The Pat McAfee Show | Tuesday, December 10th",2019-12-10T17:15:41Z,57150,693
673,"The Pat McAfee Show | Monday, December 9th",2019-12-09T17:08:49Z,73783,886
674,"The Pat McAfee Show | Friday, December 6th",2019-12-06T17:15:16Z,60728,854
675,"The Pat McAfee Show | Thursday, December 5th",2019-12-05T17:28:59Z,55977,768
676,"The Pat McAfee Show | Wednesday, December 4th",2019-12-04T17:17:49Z,52174,756
677,"The Pat McAfee Show | Tuesday, December 3rd",2019-12-03T17:09:58Z,67632,787
678,"The Pat McAfee Show | Monday, December 2nd",2019-12-02T17:21:06Z,76556,969
679,"The Pat McAfee Show | Friday, November 29th",2019-11-29T17:10:20Z,56113,758
680,"The Pat McAfee Show | Wednesday, November 27th",2019-11-27T17:27:49Z,8081,102
681,"The Pat McAfee Show | Wednesday, November 27th",2019-11-27T16:44:37Z,39732,573
682,"The Pat McAfee Show | Tuesday, November 26th",2019-11-26T17:11:25Z,61530,825
683,"The Pat McAfee Show | Monday, November 25th",2019-11-25T17:18:25Z,59892,802
684,"The Pat McAfee Show | Friday, November 22nd",2019-11-22T17:35:19Z,61087,799
685,"The Pat McAfee Show | Thursday, November 21st",2019-11-21T17:28:58Z,42367,631
686,"The Pat McAfee Show | Wednesday, November 20th",2019-11-20T17:23:55Z,56009,725
687,"The Pat McAfee Show | Tuesday, November 19th",2019-11-19T17:21:29Z,54421,815
688,"The Pat McAfee Show | Monday, November 18th",2019-11-18T18:10:25Z,66276,909
689,"The Pat McAfee Show | Friday, November 15th",2019-11-15T17:19:39Z,86606,1239
690,"The Pat McAfee Show | Thursday, November 14th",2019-11-14T17:14:35Z,44281,562
691,"The Pat McAfee Show | Wednesday, November 13th",2019-11-13T17:14:31Z,58595,698
692,"The Pat McAfee Show | Tuesday, November 12",2019-11-12T17:12:25Z,105778,958
693,"The Pat McAfee Show | Monday, November 11th",2019-11-11T17:19:09Z,73291,994
694,"The Pat McAfee Show | Friday, November 8th",2019-11-08T17:11:59Z,65499,705
695,"The Pat McAfee Show | Thursday, November 7th",2019-11-07T17:22:29Z,48759,775
696,"The Pat McAfee Show | Wednesday, November 6th",2019-11-06T17:11:46Z,72458,698
697,"The Pat McAfee Show | Tuesday, November 5",2019-11-05T17:18:27Z,54979,763
698,"The Pat McAfee Show | Monday, November 4th",2019-11-04T17:07:51Z,60250,815
699,"The Pat McAfee Show | Friday, November 1st",2019-11-01T16:17:32Z,47777,626
700,"The Pat McAfee Show | Thursday, October 31st",2019-10-31T13:48:34Z,21143,312
701,"The Pat McAfee Show | Wednesday, October 30th",2019-10-30T16:14:18Z,52166,700
702,"The Pat McAfee Show | Tuesday, October 29th",2019-10-29T16:06:25Z,53458,793
703,"The Pat McAfee Show | Monday, October 28th",2019-10-28T16:07:20Z,66165,989
704,"The Pat McAfee Show | Friday, October 25th",2019-10-25T16:38:02Z,49936,724
705,"The Pat McAfee Show | Thursday, October 24th",2019-10-24T16:02:32Z,23050,259
706,"The Pat McAfee Show | Thursday, October 24th",2019-10-24T13:49:21Z,20486,314
707,"The Pat McAfee Show | Wednesday, October 23rd",2019-10-23T16:13:36Z,53193,788
708,"The Pat McAfee Show | Tuesday, October 22",2019-10-22T16:11:08Z,84288,943
709,"The Pat McAfee Show | Monday, October 21st",2019-10-21T16:07:51Z,67526,1036
710,"The Pat McAfee Show | Friday, October 18th",2019-10-18T16:13:14Z,53942,802
711,"The Pat McAfee Show | Thursday, October 17th",2019-10-17T16:05:02Z,52234,756
712,"The Pat McAfee Show | Wednesday, October 16th",2019-10-16T16:16:31Z,58987,880
713,"The Pat McAfee Show | Tuesday, October 15th",2019-10-15T16:15:41Z,69680,1042
714,"The Pat McAfee Show | Monday, October 14th",2019-10-14T16:15:48Z,76000,1097
715,"The Pat McAfee Show | Friday, October 11th",2019-10-11T16:10:06Z,60972,883
716,"The Pat McAfee Show | Thursday, October 10th",2019-10-10T16:12:15Z,52321,773
717,"The Pat McAfee Show | Wednesday, October 9th",2019-10-09T16:05:00Z,75131,1184
718,"The Pat McAfee Show | Tuesday, October 8th",2019-10-08T16:14:42Z,64245,1034
719,"The Pat McAfee Show | Monday, October 7th",2019-10-07T16:08:12Z,73525,1114
720,"The Pat McAfee Show | Friday, October 4th",2019-10-04T16:22:44Z,54733,760
721,"The Pat McAfee Show | Thursday, October 3rd",2019-10-03T16:08:01Z,53290,802
722,"The Pat McAfee Show | Wednesday, October 2nd",2019-10-02T16:21:01Z,63773,854
723,"The Pat McAfee Show | Tuesday, October 1st",2019-10-01T16:16:14Z,67799,966
724,"The Pat McAfee Show | Monday, September 30th",2019-09-30T16:05:33Z,72012,876
725,"The Pat McAfee Show | Friday, September 27th",2019-09-27T16:08:05Z,38133,549
726,"The Pat McAfee Show | Thursday, September 26th",2019-09-26T16:31:51Z,31763,453
727,"The Pat McAfee Show | Wednesday, September 25th",2019-09-25T16:09:21Z,29238,454
728,"The Pat McAfee Show | Tuesday, September 24",2019-09-24T16:12:44Z,28364,494
729,"The Pat McAfee Show | Monday, September 23",2019-09-23T16:13:56Z,81753,659
730,"The Pat McAfee Show | Friday, September 20th",2019-09-20T16:18:17Z,26584,404
731,"The Pat McAfee Show | Thursday, September 19th",2019-09-19T16:13:59Z,22037,326
732,"The Pat McAfee Show | Wednesday, September 18th",2019-09-18T16:18:42Z,24463,405
733,"The Pat McAfee Show | Tuesday, September 17th",2019-09-17T16:17:04Z,27929,476
734,"The Pat McAfee Show | Monday, September 16th",2019-09-16T16:17:42Z,51740,696
735,"The Pat McAfee Show | Friday, September 13th",2019-09-13T16:09:27Z,22134,417
736,"The Pat McAfee Show | Thursday, September 12th",2019-09-12T16:12:25Z,21852,338
737,The Pat McAfee Show | Wednesday September 11th,2019-09-11T16:39:18Z,37612,619
738,The Pat McAfee Show | Tuesday September 10th,2019-09-10T16:38:27Z,22849,551
739,The Pat McAfee Show | Monday September 9th,2019-09-09T16:15:29Z,17058,496
